dissimilarity_dist_1_ang_0,dissimilarity_dist_1_ang_45,dissimilarity_dist_1_ang_90,dissimilarity_dist_1_ang_135,correlation_dist_1_ang_0,correlation_dist_1_ang_45,correlation_dist_1_ang_90,correlation_dist_1_ang_135,homogeneity_dist_1_ang_0,homogeneity_dist_1_ang_45,homogeneity_dist_1_ang_90,homogeneity_dist_1_ang_135,contrast_dist_1_ang_0,contrast_dist_1_ang_45,contrast_dist_1_ang_90,contrast_dist_1_ang_135,ASM_dist_1_ang_0,ASM_dist_1_ang_45,ASM_dist_1_ang_90,ASM_dist_1_ang_135,energy_dist_1_ang_0,energy_dist_1_ang_45,energy_dist_1_ang_90,energy_dist_1_ang_135,pathology
12.384829305715382,16.9891043102067,13.296125815113157,14.455856433263898,0.9019580387543926,0.8654487899351898,0.8947487722285986,0.8855117409309047,0.9514327888389656,0.9333770861024404,0.947859131995604,0.9433112387278582,3158.1314729574224,4332.221599102708,3390.512082853855,3686.243390482294,0.45841158921126807,0.4426580712065784,0.4551750732053035,0.4513673419267087,0.677060993715683,0.6653255377682255,0.6746666385744173,0.6718387767364346,benign
6.3291366906474815,8.65793695978469,6.551901336073998,7.866052481755603,0.9416537594609351,0.9202164434431673,0.9398042178275138,0.9275137199575116,0.9751802378107971,0.9660478281803417,0.974306664400411,0.9691532097492129,1613.929856115108,2207.773924745096,1670.7348406988694,2005.8433828476786,0.5504018401781292,0.5416400459488674,0.5481303731057146,0.5445442435827549,0.7418907198355625,0.7359619867553401,0.7403582734769124,0.7379324112564476,benign
24.858490566037737,36.8565325738697,28.244234800838573,26.05375578497686,0.7802558038000016,0.6707753329907682,0.7501942198680421,0.7672062588243378,0.9025172224288804,0.855466800874469,0.8892399982435666,0.8978299799285039,6338.9150943396235,9398.415806336774,7202.279874213837,6643.7077251691,0.46839273479668764,0.43733747030124026,0.45811516822519815,0.46937423713459286,0.6843922375339215,0.66131495544955,0.6768420555973145,0.6851089235549285,benign
24.858490566037737,36.8565325738697,28.244234800838573,26.05375578497686,0.7802558038000016,0.6707753329907682,0.7501942198680421,0.7672062588243378,0.9025172224288804,0.855466800874469,0.8892399982435666,0.8978299799285039,6338.9150943396235,9398.415806336774,7202.279874213837,6643.7077251691,0.46839273479668764,0.43733747030124026,0.45811516822519815,0.46937423713459286,0.6843922375339215,0.66131495544955,0.6768420555973145,0.6851089235549285,benign
13.041044776119403,17.26887948318111,15.83955223880597,20.109155713967475,0.8976728050086101,0.8645521551065295,0.8757164317571686,0.8422745490385247,0.9488594344122282,0.9322799454339621,0.9378850641144231,0.9211417785645479,3325.466417910448,4403.564268211182,4039.0858208955224,5127.8347070617065,0.45169148094419187,0.4368859181581014,0.44195083078898745,0.42738024351101855,0.6720799661827392,0.6609734625218333,0.6647938257753206,0.6537432550405538,benign
24.609304426377598,30.820759030635575,29.6386630532972,35.32921810699588,0.8061620570162882,0.757480513890033,0.7666680742843538,0.7220047756948804,0.9034944079487238,0.8791361370403827,0.8837717362502571,0.8614561772631878,6275.372628726287,7859.2935528120715,7557.859078590786,9008.95061728395,0.4149314863368447,0.395367500813825,0.39914757774497345,0.3822737276551216,0.6441517572256127,0.6287825544763667,0.6317812736580386,0.6182828864323527,benign
15.178571428571427,24.414210128495846,20.427827380952383,19.467120181405893,0.8732819309420048,0.7950036018648144,0.8288501427490708,0.8365649706519228,0.9404771058609523,0.9042594718610028,0.9198921049711983,0.9236595262470626,3870.535714285714,6225.62358276644,5209.095982142858,4964.115646258503,0.47428508440413203,0.4463821753891221,0.45824411036115836,0.4623793901349721,0.6886835880171184,0.668118384262192,0.6769373016470273,0.679984845518613,benign
14.755633132338941,19.278864084394478,15.51094890510949,17.662102402898398,0.8821456664593477,0.8461283890032546,0.8760588135842674,0.8590303386618208,0.9421356619083685,0.9243977740977365,0.9391736848214112,0.9307379184827747,3762.68644874643,4916.110341520592,3955.29197080292,4503.836112739092,0.4544937612417766,0.43877176099182247,0.45209758403300104,0.44420052698491164,0.674161524593162,0.6623984910851038,0.6723820223898026,0.6664837034653673,benign
13.412581527456345,15.637687320650441,12.312749842204923,15.746094165161015,0.8668102750618619,0.8433809325804819,0.8783966465179996,0.842255293531617,0.9474024499507678,0.9386766790704355,0.9517154490548049,0.9382515607277695,3420.2082895013677,3987.6102667658624,3139.7512097622553,4015.254012116059,0.5552551902396214,0.5508859661923607,0.5569741207663632,0.5506121810703511,0.7451544740787788,0.7422169266409657,0.7463069882872351,0.7420324663182543,benign
18.236363636363638,25.39332721150903,21.507575757575758,23.832262014080197,0.8553299017769869,0.7984749806918247,0.8296196381314033,0.8108638138460157,0.9284859482780314,0.900419856073958,0.9156578627290344,0.9065415862333459,4650.272727272727,6475.298438934802,5484.431818181818,6077.22681359045,0.4392666258545046,0.41619432710323256,0.42774012345679024,0.42113438509910117,0.6627719259703934,0.6451312479668246,0.6540184427497364,0.6489486767835352,benign
15.093939393939394,19.87756351392715,17.85,21.542699724517906,0.8809831488600179,0.843166881377712,0.8592864180382149,0.8300290285088292,0.9408089910888792,0.922049969303795,0.93000107649248,0.915520123800448,3848.9545454545455,5068.778696051424,4551.75,5493.388429752066,0.4469711049892869,0.4310922028501867,0.43743558310376496,0.42562293174630195,0.6685589764480669,0.6565761211391918,0.6613891313771076,0.6523978324199905,benign
22.690677966101696,27.617064062051135,21.177966101694913,25.85894857799483,0.8055392623309531,0.7603247788025178,0.818601012861557,0.7755826178177423,0.9110183175751864,0.8916994535136247,0.9169504297368407,0.8985939180114311,5786.122881355932,7042.351335823039,5400.381355932203,6594.031887388682,0.4613461569153181,0.45155644863596955,0.4660113632736443,0.4570051597868546,0.679224673370541,0.6719795001605106,0.6826502495961195,0.6760215675456328,malignant
16.849646226415096,25.670463984810727,22.08195754716981,22.170404651714726,0.8677287941626215,0.7985094325737928,0.8266514256020888,0.8259822004636479,0.9339239721382855,0.899333061911747,0.9134054197624288,0.9130585737060983,4296.659787735849,6545.968316126735,5630.899174528302,5653.453186187256,0.43873185009864124,0.4098468047671524,0.4213550651613366,0.42099633629338856,0.6623683643552439,0.6401927871876973,0.6491186834172442,0.6488423046421901,benign
9.600605496040988,11.682590649228601,9.897531439217513,13.040566998198763,0.9234866042590495,0.9066665204790567,0.921124909414879,0.8958175006373061,0.962351145672647,0.9541866235728279,0.961186748116131,0.948861308022319,2448.154401490452,2979.0606155532932,2523.870517000466,3325.3445845406845,0.47170475545997737,0.4654204645483345,0.4706000612585097,0.46061138333910234,0.6868076553591823,0.6822173147526633,0.6860029600945682,0.678683566427759,malignant
22.648902821316614,27.288941736028537,23.981191222570533,28.434403487911215,0.8223527087383312,0.7859577826183012,0.8119070913188562,0.7769741354017229,0.9111821391530198,0.8929861879450177,0.9059575591031974,0.8884942501550555,5775.470219435736,6958.680142687277,6115.203761755486,7250.772889417361,0.41909450275099935,0.4044632512954628,0.4148140141005777,0.4009509657406321,0.6473750866004957,0.6359742536419716,0.644060567105748,0.6332068901556838,benign
14.694478734148804,21.82542823223472,17.985355178992258,19.504494318503028,0.884519396770626,0.8284041292990678,0.8586339918133653,0.8466509184296803,0.9423754793896604,0.9144114016052063,0.9294702800319407,0.9235129632574929,3747.0920772079453,5565.484199219854,4586.265570643025,4973.646051218272,0.4466902080891424,0.4229479899472651,0.4355204239114612,0.43057729004082423,0.6683488670515888,0.6503445163505764,0.6599397123309532,0.6561838843196504,benign
17.551948051948052,19.894214876033057,18.545454545454543,24.952066115702483,0.8532615461921845,0.8325770886471365,0.8451149425287355,0.7900119416930187,0.9311698896864831,0.9219846708487616,0.9272738457064726,0.9021502651323452,4475.746753246753,5073.024793388429,4729.090909090909,6362.7768595041325,0.46683272895935235,0.4620852673997678,0.4630055658627087,0.4457388429752067,0.6832515854056632,0.6797685395778241,0.6804451233293606,0.6676367597542894,malignant
14.272388059701493,17.439296057028294,14.496268656716419,16.473602138560928,0.8664971710024519,0.8350916502854976,0.8642886671472902,0.8442579254616358,0.9440307114811939,0.9316116554217972,0.9431527618573695,0.9353986321573982,3639.458955223881,4447.020494542215,3696.5485074626868,4200.768545333037,0.5279193381977166,0.521576169385316,0.5274936532670017,0.5247675799276874,0.7265805792874708,0.7222023050263106,0.72628758303237,0.7244084344675229,benign
19.48314606741573,28.297563438959727,22.125468164794007,24.144678702184066,0.8338977914300676,0.7574280772504809,0.8110354618205635,0.7930107077303876,0.9235966806017437,0.8890308695454936,0.9132347925134181,0.9053164415917182,4968.202247191011,7215.878676934731,5641.994382022473,6156.893069056937,0.4694483331540943,0.4438676728171058,0.461593505932815,0.45684104589123625,0.6851629975079611,0.6662339475117625,0.679406730856278,0.6759001745015578,benign
4.473684210526316,4.473684210526316,0.0,4.473684210526316,0.9599859599859599,0.9599859599859599,1.0,0.9599859599859599,0.9824564101484912,0.9824564101484912,1.0,0.9824564101484912,1140.7894736842104,1140.7894736842104,0.0,1140.7894736842104,0.5443213296398892,0.5443213296398892,0.5594530321046374,0.5443213296398892,0.7377813562566414,0.7377813562566414,0.7479659297753056,0.7377813562566414,malignant
26.90159574468085,36.478044363965594,24.64095744680851,27.704843820733366,0.7874023978840337,0.7122531221453846,0.804982810374841,0.7814580674521908,0.8945051684727092,0.856951045538535,0.9033702803657588,0.8913552244596469,6859.906914893617,9301.901312811227,6283.444148936171,7064.735174287008,0.4094070657914592,0.3802701447082299,0.41720541911875664,0.4060152702604946,0.6398492523957962,0.6166604776603004,0.6459144054120148,0.6371932754357147,malignant
32.57839721254356,42.32302201070791,35.83623693379791,39.289113622843544,0.7433183776290487,0.6670574667846522,0.7176054429144529,0.6909243150438169,0.8722435442869221,0.8340299170680878,0.8594678987156144,0.8459274140524544,8307.491289198606,10792.370612730518,9138.240418118468,10018.723973825103,0.3908327161917712,0.3630719300039883,0.3815634522696646,0.37116178615247364,0.625166150868528,0.6025545037620981,0.6177082258394043,0.60923048688692,benign
16.236821638437608,21.035868669490668,17.6103957829243,19.981494600182163,0.8705632080892503,0.8321553427157589,0.8596018382496297,0.8405681664071878,0.9363271688585859,0.9175076659994446,0.9309406864231892,0.9216424026843655,4140.38951780159,5364.14651072012,4490.650924645697,5095.281123046451,0.4484507809419911,0.43282378425195833,0.44381950234766554,0.4362934919559295,0.6696646779859239,0.6578934444512715,0.666197795213753,0.6605251637567864,benign
15.36963036963037,23.826952268510713,19.615384615384617,20.12818350480688,0.8793200584058032,0.8127248955143822,0.8458825258413755,0.8417964821312832,0.9397278666340272,0.9065624084447724,0.9230781060356923,0.9210671609244647,3919.255744255744,6075.872828470231,5001.923076923077,5132.686793725754,0.4439142276305113,0.41635188830462777,0.4298743214827131,0.42835659651749614,0.6662688853837551,0.6452533520289746,0.6556480164560197,0.6544895694489685,benign
18.596969696969698,23.441995714722985,19.78181818181818,24.664830119375573,0.8472142801445168,0.8073295679763091,0.8378978226687632,0.7972883251000845,0.9270718286112128,0.908072018773193,0.9224254354202376,0.9032766634816725,4742.227272727273,5977.708907254361,5044.363636363636,6289.531680440771,0.455058830731558,0.43938875511256814,0.4498813794510764,0.43547618941286254,0.6745804849916414,0.6628640547748597,0.6707319728856501,0.659906197434804,malignant
41.759581881533094,48.99762046400952,38.649825783972126,40.957763236168944,0.624768186538747,0.5538301932917947,0.6535295403219932,0.6268486149980761,0.8362394522223273,0.8078554237024818,0.8484343866313029,0.8393837907110528,10648.69337979094,12494.39321832243,9855.705574912892,10444.22962522308,0.4266235544386305,0.41411304777721836,0.4339420777234153,0.4347412962384292,0.6531642629833865,0.643516159686156,0.658742800889251,0.659349145929855,benign
36.40478056426332,43.628616726119695,35.372257053291534,43.66230677764566,0.7128184255220026,0.6552724774277419,0.720957988394871,0.6549983856774773,0.8572383501386038,0.8289100165293803,0.8612873996772161,0.8287779007120284,9283.219043887148,11125.297265160523,9019.925548589343,11133.888228299644,0.3804971790518961,0.3618674635420456,0.3834164734033667,0.36179192648403613,0.6168445339401948,0.6015542066531042,0.619206325390307,0.6014914184625049,malignant
11.38135593220339,13.62539500143637,10.444915254237287,12.013789141051422,0.8844649428810804,0.8591957097561294,0.893107918000258,0.8758499806451894,0.9553679180218395,0.9465679001420004,0.959040177931435,0.9528878259316563,2902.2457627118642,3474.475725366274,2663.4533898305085,3063.5162309681127,0.5710456765297327,0.5699385369471124,0.5775228622043475,0.5756231080348271,0.7556756424086545,0.7549427375285575,0.7599492497557633,0.7586982984262104,malignant
24.602484472049696,35.56395715185885,29.142857142857142,28.708254568367988,0.8051947377531592,0.718931441158919,0.7693729379103743,0.7731133320198501,0.9035211524563611,0.8605356461457877,0.8857160432530284,0.8874203408646719,6273.633540372672,9068.809073724007,7431.428571428572,7320.604914933837,0.41756259403572404,0.38378341034134866,0.40323212839010847,0.4038921837493169,0.6461908340697228,0.6195025507141586,0.6350056128807906,0.6355251244044698,benign
28.597074468085108,38.90221819827977,28.93617021276596,27.01222272521503,0.7698151824431891,0.6857808857808858,0.7674524605821259,0.7817835033789602,0.8878563345529218,0.8474446276787541,0.8865265677689644,0.8940713438481556,7292.253989361702,9920.06564056134,7378.723404255319,6888.116794929832,0.41323403547985504,0.3852023318737434,0.4114359344348877,0.41985428965540983,0.6428328207861318,0.6206467045540026,0.6414327201155923,0.6479616421173477,benign
25.55944055944056,28.60094451003542,23.13936063936064,29.719176926969133,0.7873791015214965,0.7608154339299716,0.8080081562528676,0.7514638569106922,0.8997684411980232,0.8878411581512159,0.9092588047390742,0.8834560004247973,6517.657342657343,7293.240850059032,5900.536963036962,7578.39011637713,0.4383966017332651,0.4314904790171638,0.44485388903470824,0.4281081827316163,0.662115248074884,0.6568793489044725,0.666973679416743,0.654299765193001,malignant
21.75742574257426,25.172532104695616,19.554455445544555,26.997353200666602,0.8202617307403834,0.7912229453557976,0.8385271903967628,0.7760773392400628,0.9146780739341734,0.9012857059222867,0.9233170402821353,0.894129654812383,5548.1435643564355,6418.995686697383,4986.3861386138615,6884.325066169983,0.4472485726252573,0.43820016126979944,0.4542919724155773,0.4325309201912455,0.6687664559659503,0.661966888348503,0.674011848868829,0.6576708296642367,benign
10.721427472696508,13.20698806977763,11.349023227195817,12.668195521657347,0.8752543344664034,0.8451575371267358,0.8677682714922037,0.8514744933235555,0.957955832966235,0.9482086864055409,0.9554947109935268,0.9503215658656134,2733.9640055376094,3367.7819577932955,2894.0009229349334,3230.3898580226232,0.6226786679598704,0.6164077093253685,0.6208992076386941,0.6183062213387535,0.7890999099986454,0.7851163667414968,0.7879715779383759,0.7863245012962228,malignant
18.36232783472133,24.592893482676107,20.700372357463163,22.926360875947637,0.8521622785389226,0.8018082241554725,0.8332697944530623,0.8152374015998162,0.9279919786261812,0.9035587636009841,0.9188233175783054,0.9100940850834028,4682.393597853939,6271.187838082407,5278.594951153106,5846.222023366647,0.4460939442527863,0.42624535287113907,0.43852995636701686,0.43156618943244035,0.6679026457896288,0.6528746838951094,0.6622159439087955,0.656936975236164,benign
2.8089992531740107,2.6920539164860027,0.3094660194174757,2.8843434819492884,0.9778978977634741,0.9788178734443311,0.9975651511045394,0.9773048644046406,0.9889844860585093,0.9894430881692873,0.9987864264301747,0.988689023038522,716.2948095593728,686.4737487039307,78.91383495145631,735.5075878970684,0.49070586141274486,0.49115898968396354,0.5003617830554163,0.4904214032762658,0.7005040052795879,0.7008273608271609,0.7073625541795496,0.7003009376519967,malignant
15.209948320413437,20.477230935640886,16.445413436692508,18.496809085992428,0.88017855328147,0.8386165087883551,0.870460909715787,0.8542248887116164,0.9403540611185459,0.9196983685204622,0.9355091743862979,0.9274646092804715,3878.536821705426,5221.6938885884265,4193.580426356589,4716.686316928069,0.4461130613366806,0.4285553429989052,0.44181134572241254,0.43513319599473615,0.667916956916562,0.654641385033749,0.6646889089810455,0.6596462658082255,malignant
13.191399206635412,16.987686736079674,14.658131987017672,16.95998189225894,0.8961174289666114,0.8661895537508221,0.8845943783888095,0.8664077822578878,0.9482698182620486,0.9333826451311734,0.942518013460931,0.9334912899067137,3363.80679769203,4331.8601177003175,3737.8236566895066,4324.79538252603,0.45296959719509483,0.4399632866164817,0.44772721190075504,0.44005746916652955,0.6730301606875392,0.6632972837397133,0.6691242126098524,0.6633682756708595,malignant
23.121301775147934,27.41868281922902,22.242603550295858,27.90080879521025,0.8167675785839665,0.7828344021626695,0.8237674314366352,0.7790157951020328,0.9093296227253296,0.8924774072078338,0.9127754451246357,0.8905867461818563,5895.931952662723,6991.7641189034,5671.863905325444,7114.706242778614,0.4227039212738256,0.4089116198677529,0.4254348072340522,0.4074310945315004,0.6501568435953171,0.6394619768741163,0.6522536371949582,0.6383032935301998,malignant
27.705188679245285,32.35789723507772,29.349056603773587,35.615877536489855,0.782497835252736,0.7459896108786919,0.7695636647587444,0.7204150307489574,0.8913538720941232,0.8731082367830587,0.8849074303515168,0.8603320399254926,7064.823113207547,8251.26379494482,7484.009433962265,9082.048771804913,0.40363140797436814,0.38964717951499617,0.3986897305535778,0.3802753392988555,0.6353199256865537,0.624217253458278,0.6314188234077107,0.616664689518425,malignant
17.792045454545455,22.073632653061225,18.081818181818182,20.949551020408165,0.8551967323018325,0.8202283210124488,0.8528553635107237,0.8293808215899184,0.9302283457246473,0.9134380659039367,0.9290919995638108,0.9178461613784628,4536.971590909091,5628.776326530612,4610.863636363636,5342.135510204082,0.45325052865154336,0.4394121228154936,0.4522183926463147,0.4430828264223241,0.6732388347767405,0.6628816808567677,0.6724718526795859,0.6656446697918673,benign
22.276119402985074,25.61929160169303,19.421641791044774,25.903319224771664,0.8182886977086767,0.7911096127193171,0.8418119425313388,0.7887746522648446,0.9126440124294715,0.8995337348378847,0.9238378701332326,0.8984199181509429,5680.410447761194,6532.919358431723,4952.518656716417,6605.346402316774,0.43952605022195745,0.4286664994964797,0.44816440476181296,0.4278212115345841,0.6629676087275739,0.6547262782999318,0.6694508232587462,0.654080432007092,malignant
27.75944993903265,34.57243357694147,27.120308901232896,35.234273615190226,0.7776095726189904,0.7229805489254245,0.7827603928964739,0.7176774057814277,0.8911410861124269,0.8644239140940535,0.8936474830096517,0.8618285028777182,7078.659734453326,8815.970562120074,6915.678769814389,8984.739771873508,0.4134879091658552,0.3933857561982701,0.41538632542450504,0.3915008144682376,0.643030255249203,0.6272047163393066,0.6445047132678744,0.6257002592841381,malignant
5.425531914893617,5.425531914893617,0.0,5.425531914893617,0.9561771561771564,0.9561771561771564,1.0,0.9561771561771564,0.9787237314566808,0.9787237314566808,1.0,0.9787237314566808,1383.5106382978722,1383.5106382978722,0.0,1383.5106382978722,0.49366229062924405,0.49366229062924405,0.513888888888889,0.49366229062924405,0.7026110521684412,0.7026110521684412,0.7168604389202189,0.7026110521684412,benign
14.458762886597938,21.952386013391433,18.616663160109404,19.730045700924645,0.8857288777994352,0.8265420803233692,0.8529137361064681,0.84410201787088,0.9432998410469278,0.9139135356101434,0.9269946005316658,0.9226284616347956,3686.9845360824743,5597.858433414815,4747.249105827898,5031.161653735784,0.45031660051129196,0.42501972878329375,0.43597169564227956,0.4323102206150301,0.6710563318465089,0.6519353716307267,0.6602815275640229,0.6575030194721772,benign
23.37114337568058,28.725761772853186,23.91107078039927,28.882733148661128,0.8119547652053295,0.7677762935883015,0.8073215770279402,0.7665073115860517,0.9083498668102213,0.8873516862166277,0.9062325370005565,0.8867361216604346,5959.641560798548,7325.069252077563,6097.323049001814,7365.096952908587,0.4293575284666388,0.4149471944915504,0.428363579537324,0.4144706882843229,0.6552537893569474,0.644163950009274,0.6544949041339619,0.6437939796894057,malignant
40.807254623044095,49.91964937910884,42.43954480796586,45.82176771365961,0.6754737227067348,0.6013499417604005,0.6627737495618161,0.6340749465412631,0.8399740114896158,0.8042396796408706,0.8335729719492004,0.8203095566852767,10405.849928876245,12729.510591672753,10822.083926031295,11684.5507669832,0.37246665884271635,0.35149434867121876,0.3677442134805315,0.36153083966638944,0.610300466035146,0.5928695882495735,0.6064191730812372,0.6012743464229864,benign
40.807254623044095,49.91964937910884,42.43954480796586,45.82176771365961,0.6754737227067348,0.6013499417604005,0.6627737495618161,0.6340749465412631,0.8399740114896158,0.8042396796408706,0.8335729719492004,0.8203095566852767,10405.849928876245,12729.510591672753,10822.083926031295,11684.5507669832,0.37246665884271635,0.35149434867121876,0.3677442134805315,0.36153083966638944,0.610300466035146,0.5928695882495735,0.6064191730812372,0.6012743464229864,benign
12.827272727272726,15.818794000612183,12.775757575757577,16.443220079583714,0.8993726496404749,0.8759281742731472,0.8997773605825813,0.8710306022049819,0.9496977432803103,0.9379664677182034,0.9498997603755701,0.9355177756544482,3270.9545454545455,4033.792470156107,3257.818181818182,4193.021120293847,0.4523331496786043,0.4418252892805582,0.4525119681665136,0.4396863672169531,0.6725571720520154,0.6646993976833123,0.6726900981629755,0.6630885063224615,malignant
12.677966101694915,19.485779948290723,13.614406779661016,14.064923872450445,0.891290199542087,0.8321600771456122,0.8829414132323301,0.8788523865111186,0.9502832504547074,0.9235863518159793,0.9466109905451119,0.944844284017549,3232.8813559322034,4968.8738868141345,3471.673728813559,3586.5555874748634,0.495412716652303,0.4741404502184923,0.49336569153180765,0.4926017306903707,0.7038556078147726,0.688578572291131,0.7023999512612509,0.7018559187542488,malignant
27.08595387840671,35.131719473122104,30.91719077568134,34.40548237807049,0.7833287926202372,0.7175907891228019,0.7529002584296934,0.7234287056267233,0.8937822065174897,0.8622306697990629,0.8787579791498978,0.8650786146094182,6906.9182389937105,8958.588465646137,7883.8836477987425,8773.398006407975,0.41482990446639034,0.3933661965601337,0.4027883991344693,0.39543755317324764,0.6440729030679604,0.6271891234389622,0.6346561266815828,0.6288382567665931,benign
28.89448051948052,34.89917355371901,33.86201298701299,40.800000000000004,0.7673679511977385,0.7174428049275754,0.7270187253686634,0.6696674337800641,0.8866900542480312,0.8631426005567258,0.867209834347979,0.8400024605542398,7368.092532467533,8899.289256198348,8634.813311688313,10404.0,0.4124423912126835,0.39751066184003825,0.39838985284196315,0.38123964210094946,0.6422167789871918,0.6304844659783763,0.6311813153460447,0.6174460641229722,benign
28.89448051948052,34.89917355371901,33.86201298701299,40.800000000000004,0.7673679511977385,0.7174428049275754,0.7270187253686634,0.6696674337800641,0.8866900542480312,0.8631426005567258,0.867209834347979,0.8400024605542398,7368.092532467533,8899.289256198348,8634.813311688313,10404.0,0.4124423912126835,0.39751066184003825,0.39838985284196315,0.38123964210094946,0.6422167789871918,0.6304844659783763,0.6311813153460447,0.6174460641229722,malignant
30.703030303030303,39.20875420875421,30.084848484848482,34.317416590143864,0.7589175166052692,0.6921270890586397,0.763768292880247,0.7305345922152261,0.8795978112251603,0.8462425441633759,0.8820220163682779,0.8654239653294576,7829.272727272727,9998.232323232323,7671.636363636363,8750.941230486686,0.39466219773492506,0.3704559890895237,0.3965153759820427,0.38410688901362394,0.6282214559651119,0.6086509583410871,0.6296946688531218,0.6197635750942644,benign
20.34154727793696,23.791430283823612,23.86749897666803,30.94728286303068,0.8404182825457847,0.8133465839989628,0.8127545815800142,0.7572060194185735,0.9202304531130021,0.9067017082032569,0.9064034041913951,0.8786399727789989,5187.094555873925,6066.814722375021,6086.212239050348,7891.557130072823,0.42671846352255083,0.4155496658419986,0.41529433061522736,0.39351136909392614,0.6532369122474256,0.6446314185967037,0.6444333407073437,0.6273048454251937,malignant
18.230476190476192,23.9088,19.946666666666665,23.990399999999998,0.8553103063412342,0.8102868111183895,0.8416405115889619,0.8096366745150022,0.928509035946061,0.9062414418847844,0.9217789807154062,0.9059214468058931,4648.771428571429,6096.744,5086.4,6117.552,0.43951292920131013,0.42081121279999995,0.43394300226757376,0.420558204928,0.6629577129812354,0.6486996321873475,0.6587435026378429,0.6485045912929222,benign
34.06795707973911,39.378786268466364,38.011256048811276,45.61217982782443,0.7245000361472441,0.6807241527401428,0.6925766995059901,0.6301849615014866,0.8664022228749504,0.8455757620265907,0.8509385431604762,0.821131457323298,8687.329055333474,10041.590498458923,9692.870292446874,11631.105856095228,0.3993131515285572,0.38574324917424785,0.388275148533649,0.36944592942079807,0.6319122973392409,0.621082320770965,0.6231172831286651,0.6078206391862636,benign
36.15837696335079,48.71988158219347,37.6464332460733,40.61155121844248,0.7150161142720725,0.6160174574666956,0.7031792272787235,0.6799227299686514,0.8582046239095984,0.808944579038241,0.8523691988166473,0.8407414640189643,9220.386125654451,12423.569803459335,9599.840477748692,10355.945560702832,0.3807455707537256,0.3478745065549971,0.3767812541759752,0.36853264532841856,0.6170458416955142,0.5898088729029066,0.6138251006402191,0.6070688966900039,malignant
30.950295181870118,35.308819304797474,31.686821557798517,40.542468639279896,0.7570184528193463,0.7228212014648315,0.7512376733969995,0.6817357700134745,0.8786281599456083,0.8615361713357218,0.8757398656346904,0.8410123719279,7892.32527137688,9003.748922723356,8080.1394972386215,10338.329503016374,0.3938396638234788,0.38115221215389095,0.39165785309332124,0.36673407204549807,0.6275664616783458,0.6173752603999377,0.6258257370013807,0.6055857264215349,malignant
26.26573564122738,28.080507634344638,26.048387096774196,35.142772159428915,0.7925581922410362,0.7781803449848204,0.7943833230974728,0.7223956872189556,0.8969986991585983,0.8898820556891416,0.8978510332839569,0.8621873265977551,6697.762588512982,7160.529446757882,6642.3387096774195,8961.406900654374,0.41106801271465676,0.40556900391578554,0.4114833555254158,0.3847348544033201,0.6411458591573814,0.6368429978540908,0.6414696840267791,0.6202699850898157,benign
22.698019801980198,28.22223311440055,20.173267326732674,26.27242427213018,0.8105599916450897,0.7650759300305441,0.8322192133542966,0.7813062909318883,0.9109895265047065,0.8893262780399818,0.9208903643416967,0.8969724696368653,5787.99504950495,7196.66944417214,5144.183168316832,6699.468189393197,0.4490430307376895,0.4304621553399549,0.4556344946392957,0.43647441354757033,0.6701067308553835,0.6560961479386652,0.6750070330295053,0.6606621023999866,benign
21.697674418604652,26.858823529411765,22.325581395348838,25.16470588235294,0.8009510425246167,0.7536534072611698,0.7960308325485681,0.769191694319598,0.9149123892482363,0.894672900070741,0.9124500468149055,0.9013163965183157,5532.906976744186,6849.0,5693.023255813953,6417.0,0.49467386280061604,0.4782022916392285,0.4908760182722915,0.4834905041845763,0.7033305501687069,0.6915217217407046,0.7006254479194226,0.695334814448821,benign
50.38145539906103,65.81134695496925,58.512323943661976,66.46895457250545,0.6013364762391871,0.47983355380565695,0.5369114463161225,0.4746542835842203,0.8024287034915177,0.7419202553821985,0.7705434348470795,0.7393414416388999,12847.271126760563,16781.89347351716,14920.642605633804,16949.58341598889,0.34586957932606943,0.3123674699048835,0.32769245504762184,0.3111090132132541,0.588106775446491,0.5588984432836466,0.5724442811729556,0.5577714704188931,benign
26.849945235487404,30.806060606060605,27.073384446878425,34.5900826446281,0.7892214300591738,0.7581345736258155,0.7874838320531092,0.7284253512922275,0.8947077163742305,0.8791937770346406,0.8938314976478026,0.8643547031282846,6846.736035049287,7855.545454545455,6903.713033953998,8820.471074380166,0.4062454257935856,0.39430180796191316,0.405515808129461,0.383268125954427,0.6373738508862641,0.6279345570693758,0.6368012312562382,0.6190865254182383,malignant
9.633333333333333,13.1376,10.507619047619047,11.162880000000001,0.9210777276016329,0.8922764770138438,0.9139338736734842,0.9084710134829327,0.9622228031864177,0.9484807922984653,0.9587942844840086,0.9562246732076399,2456.5,3350.088,2679.442857142857,2846.5344,0.4849787029478458,0.472872937472,0.4817161541950113,0.4798656225279999,0.6964041232989978,0.6876575728311294,0.6940577455767001,0.6927233376521972,malignant
17.51865671641791,21.358877255513477,16.511194029850753,22.4381822232123,0.8587820887511398,0.8277869038120521,0.866305823761966,0.8190983140222615,0.9313004419357401,0.9162409851420057,0.93525121524295,0.9120084817316283,4467.257462686567,5446.513700155937,4210.354477611942,5721.736466919137,0.4495326089302493,0.4368795661541609,0.45513010561765377,0.43333720739407017,0.6704719300091908,0.6609686574673272,0.6746333119685491,0.6582835311581706,benign
16.238387773449208,18.91881696091746,16.633203476176206,21.17624867964388,0.8726392034677413,0.8516122428694896,0.8695433446417882,0.8339063138830694,0.9363210272471081,0.9258097018879532,0.9347727541840967,0.9169571646217023,4140.788882229548,4824.298325033952,4241.466886424932,5399.94341330919,0.4403786877786747,0.43132937062236265,0.4390270792029876,0.42386865220123515,0.6636103433330999,0.6567567058069241,0.6625911855759836,0.6510519581425396,malignant
6.638888888888889,9.080658436213993,7.111111111111111,7.7934156378600825,0.9011269442754015,0.8630097925380462,0.8941242657232786,0.8824290515311122,0.9739655419883329,0.9643901223935876,0.9721137186151181,0.9694380557368696,1692.9166666666667,2315.567901234568,1813.3333333333333,1987.320987654321,0.7113269469007647,0.7057089851930881,0.7095000083063968,0.7104229549470215,0.8434020078828155,0.8400648696339397,0.8423182345802546,0.8428659175379092,malignant
26.138031693077565,31.528911707768707,26.903669724770644,32.4088881407289,0.7945428282655097,0.7522063184546502,0.788434207601205,0.7452884140033865,0.8974994912537326,0.8763591104253525,0.894497035342532,0.8729082755223162,6665.1980817347785,8039.872485481021,6860.435779816514,8264.266475885868,0.4091070157853257,0.3926699958920547,0.40694210354611604,0.3900881862579664,0.6396147401251208,0.6266338611119373,0.6379201388466397,0.6245704013623815,malignant
12.607176760964498,16.965637573654202,14.630909436111638,16.83434717110658,0.9006033435260009,0.8663054229590625,0.8846612261223061,0.8673396835454317,0.9505608514433312,0.9334691111050684,0.9426247669207937,0.9339839675109622,3214.830074045947,4326.237581281822,3730.8819062084676,4292.758528632177,0.4556042756340559,0.44025351564878235,0.4484585997427877,0.4407014452141027,0.6749846484432486,0.663516025163509,0.6696705158081754,0.6638534817368232,malignant
40.57072368421053,49.16343490304709,40.79440789473684,50.06759002770083,0.6817109915108186,0.6143231730876633,0.6799798320683462,0.6072277192609142,0.8409015695341296,0.8072051810002613,0.8400243900415542,0.803659529156588,10345.534539473685,12536.675900277009,10402.574013157895,12767.23545706371,0.3663492793455678,0.34447854758634444,0.3657149495517852,0.34231586313794404,0.6052679401269886,0.586922948594059,0.6047437056735565,0.5850776556474739,malignant
18.608379228953577,22.939718421574465,20.648111723052715,25.80507634344636,0.8535453635045581,0.8195135971512021,0.8375362888488934,0.7969693734301914,0.9270270860366135,0.9100417033570959,0.9190282580909415,0.8988051784274164,4745.136703383162,5849.628197501488,5265.268489378443,6580.294467578822,0.43408059703201785,0.41970393763609826,0.4271770297983303,0.410615202745712,0.6588479316443346,0.6478456125004616,0.6535878133796026,0.6407926363073408,benign
14.040178571428573,15.74074074074074,16.00074404761905,19.21012849584278,0.8473644003055769,0.8304150980710688,0.8259872609074608,0.793037201319386,0.944941322921381,0.9382725542261727,0.9372529490950874,0.9246673212801046,3580.2455357142862,4013.8888888888887,4080.189732142858,4898.582766439909,0.5872467187106326,0.5780850025592013,0.5805949170032597,0.5663443526585256,0.7663202455309611,0.7603190136772862,0.7619677926285728,0.7525585376955906,benign
36.721170395869194,43.90042096095224,35.623924268502584,42.604877340688056,0.7111417305775812,0.6542918672490898,0.7196459710509143,0.6644878356387762,0.8559976247816774,0.8278441339611413,0.8603004845989579,0.8329246190466051,9363.898450946645,11194.607345042821,9084.10068846816,10864.243721875455,0.37820246645133104,0.359492005627422,0.3815104282386492,0.36285827515895475,0.614981679768862,0.5995765219114421,0.6176653043830852,0.6023771867849534,benign
21.195134061569018,26.743681025275897,20.98531706625053,24.60491278034888,0.8334158299282743,0.7898042591748081,0.8350818246107118,0.8066144633504397,0.9168831054393611,0.8951244323586665,0.9177059045321274,0.9035116298251629,5404.7591857001,6819.638661445354,5351.255851893886,6274.252758988964,0.42483444808376913,0.40717196824883045,0.42546994045954506,0.41386971121278926,0.6517932556292441,0.6381002807152105,0.6522805688195419,0.643327063951758,benign
35.72851153039832,44.482022071911715,34.39203354297694,38.67212531149875,0.719776072254605,0.6511213512992872,0.730245387297995,0.6966891748030537,0.859890344781294,0.8255633803657385,0.8651313543281285,0.8483469388485808,9110.770440251574,11342.915628337487,8769.968553459119,9861.391954432182,0.3795200587373233,0.35598983129165385,0.3833438081885533,0.3713440283298318,0.6160519935340875,0.5966488341492455,0.6191476465178183,0.6093800360446934,benign
19.511605415860735,22.01507049100632,19.156189555125728,24.69129800680603,0.8394447331575398,0.8186204806395951,0.8424363782163029,0.7965686850240685,0.9234850770300421,0.9136677179096575,0.9248788432848851,0.9031728694409078,4975.459381044488,5613.842975206611,4884.8283365570605,6296.280991735537,0.4527668938643853,0.44513665082119236,0.4537465815936229,0.4365701981927492,0.6728795537571233,0.6671856194652223,0.6736071418813958,0.6607345898261641,benign
22.26190476190476,29.29705215419501,23.020833333333332,25.313681027966744,0.823914009594467,0.7678969990545902,0.8181666354865765,0.7994548632182202,0.9126997552627301,0.8851113662332033,0.9097236105557777,0.9007321892453555,5676.785714285714,7470.748299319728,5870.3125,6454.98866213152,0.42453046756897206,0.40331192339014876,0.4213859806075208,0.41558758381995614,0.6515600260674161,0.6350684399260829,0.6491424963808183,0.6446608285136891,benign
15.523684210526316,19.176000000000002,16.373684210526314,20.898666666666667,0.8740109831923873,0.8434602606498915,0.8669426374926078,0.8293975890297872,0.9391237432152646,0.9248011564604928,0.935790461143478,0.918045704795005,3958.5394736842104,4889.88,4175.28947368421,5329.16,0.45963439519852267,0.4500658409876544,0.45733468759618345,0.4443719585185185,0.6779634173010537,0.6708694664296881,0.6762652494370707,0.6666123000054218,malignant
34.36839323467231,45.51108707409411,40.8377378435518,50.47593293672255,0.7304378750262251,0.6429950571516837,0.6796888946625154,0.6040490633864128,0.8652240599938266,0.8215278933981178,0.8398544712867821,0.8020582090415487,8763.94027484144,11605.327203893998,10413.623150105708,12871.36289886425,0.38339841392935214,0.3534557875699697,0.36552299321947535,0.3413146889801425,0.6191917424589511,0.5945214778037625,0.604584976012037,0.5842214383092618,benign
57.273809523809526,62.86530612244898,62.94047619047619,79.10204081632654,0.5499361027404823,0.5047735572237869,0.5052644403608568,0.3768673898842352,0.7754002794486601,0.7534731790172471,0.7531783989700824,0.6898006888296486,14604.82142857143,16030.65306122449,16049.82142857143,20171.020408163266,0.32679610733182163,0.3164328196584756,0.3151936885865458,0.28820857975843395,0.5716608324276045,0.5625236169784124,0.5614211330067169,0.5368506121431119,malignant
40.375,58.00788954635109,44.29807692307692,48.28402366863905,0.6762341932889933,0.5320898786893759,0.6446366195928149,0.6105256793715036,0.8416691015901332,0.7725215785329018,0.8262847227972716,0.8106537994724732,10295.625,14792.011834319526,11296.009615384615,12312.426035502958,0.37769949868507563,0.33810025844618474,0.36761402859960557,0.36033812835512125,0.6145726146559702,0.5814638926418259,0.6063118245586223,0.600281707496673,benign
21.716396103896102,30.25861224489796,23.28116883116883,25.254367346938775,0.8282712442352406,0.7605763092624204,0.8158099828396465,0.8001740306078211,0.9148389720036061,0.881340600337573,0.9087027027350898,0.9009647883389815,5537.681006493506,7715.94612244898,5936.698051948052,6439.863673469388,0.4261783621816495,0.39980738585589337,0.4213600438522517,0.4151566058142441,0.6528233774778975,0.6323032388465943,0.6491225183678746,0.6443264745563727,malignant
67.46031746031746,91.29629629629629,67.46031746031746,68.559670781893,0.45902624724504115,0.2640080767289248,0.45675215394896634,0.44704334365325077,0.7354538038264548,0.6419808145118021,0.7354538038264548,0.7311426806295526,17202.38095238095,23280.555555555555,17202.38095238095,17482.716049382718,0.31641051482321325,0.28370505851072836,0.3184576299655665,0.3171998396811688,0.5625037909411928,0.5326397079740942,0.5643205028754196,0.5632049712859154,malignant
54.64285714285714,72.85714285714285,54.64285714285714,72.85714285714285,0.20567375886524827,-0.16666666666666663,0.12500000000000003,-0.16666666666666663,0.7857175810994284,0.7142901081325712,0.7857175810994284,0.7142901081325712,13933.92857142857,18578.571428571428,13933.92857142857,18578.571428571428,0.5618622448979591,0.5510204081632654,0.5867346938775511,0.5510204081632654,0.7495747093505484,0.7423074889580903,0.7659860924831149,0.7423074889580903,benign
35.149307214524605,43.04914865354426,29.8494983277592,38.98442217123536,0.724006018494845,0.661947887210431,0.7657416893085683,0.6938669708214633,0.8621616993248273,0.8311824053970137,0.8829449439673578,0.8471222641148923,8963.073339703775,10977.532906653787,7611.6220735785955,9941.027653665016,0.38172685713920473,0.36028904194345807,0.39695408146144556,0.37110120995912776,0.6178404787153434,0.6002408199576718,0.6300429203327703,0.6091807695250464,malignant
58.20652173913043,64.11153119092629,31.41304347826087,56.39886578449906,0.5157894736842106,0.46692175098971445,0.7400806016037227,0.5310514651563655,0.7717426407363477,0.7485860970429337,0.8768134886513622,0.7788313786016784,14842.66304347826,16348.440453686202,8010.326086956522,14381.710775047259,0.3524338374291116,0.34015923327889763,0.4180384898130645,0.3561111488309433,0.5936613828009294,0.5832317149117473,0.6465589608172363,0.5967504912699639,benign
108.33333333333333,121.76470588235294,102.5,125.29411764705881,0.14591205771212637,0.03991333654309095,0.18879249959588337,0.012084737602311092,0.5751699320271892,0.5224986928305602,0.598045397225725,0.5086580752314459,27625.0,31050.0,26137.5,31950.0,0.2582340125592721,0.25314591539852255,0.2641024819513862,0.2527148860765556,0.5081673076451023,0.5031360803982582,0.5139090210838745,0.5027075552212793,benign
33.49576271186441,50.25280091927607,41.779661016949156,43.586613042229246,0.7320490047063565,0.5975234191445397,0.6665379289556232,0.6509426147902638,0.8686460878490845,0.8029332231043675,0.83616071172574,0.8290747343252167,8541.419491525425,12814.464234415398,10653.813559322036,11114.586325768458,0.3956747342717609,0.35212378338814865,0.37166666666666676,0.3686042282638935,0.6290268152247255,0.5934001882272609,0.6096447052723961,0.6071278516621466,benign
59.29761904761905,68.06938775510206,60.107142857142854,74.10612244897959,0.5305917064589731,0.462094859032798,0.5244712058051568,0.41430697244650727,0.7674638935634537,0.7330653295981451,0.7642893392093711,0.7093922242719866,15120.892857142857,17357.693877551024,15327.321428571428,18897.061224489797,0.3261460695389267,0.30806130778842156,0.3241581632653061,0.2976579758433986,0.5710919974390525,0.5550327087554584,0.569348894146029,0.5455804027303387,benign
85.46703296703296,131.2721893491124,89.67032967032968,98.07692307692308,0.3272126776353665,-0.0318980945362669,0.2945736434108527,0.2290416535073868,0.6648403191555161,0.48521501731578653,0.6483570561631645,0.6153905301784612,21794.093406593405,33474.408284023666,22865.934065934067,25009.615384615387,0.2789971017992996,0.2513392388221701,0.2735176911001087,0.2644340184167221,0.5282017623970026,0.5013374500495351,0.5229891883204745,0.5142314832998094,benign
85.46703296703296,131.2721893491124,89.67032967032968,98.07692307692308,0.3272126776353665,-0.0318980945362669,0.2945736434108527,0.2290416535073868,0.6648403191555161,0.48521501731578653,0.6483570561631645,0.6153905301784612,21794.093406593405,33474.408284023666,22865.934065934067,25009.615384615387,0.2789971017992996,0.2513392388221701,0.2735176911001087,0.2644340184167221,0.5282017623970026,0.5013374500495351,0.5229891883204745,0.5142314832998094,benign
98.33333333333334,137.64705882352942,124.16666666666667,135.00000000000003,0.2139498432601881,-0.09215116279069768,0.01850237334108302,-0.07196625331830252,0.6143850152246794,0.4602159136345463,0.5130793836311629,0.4705963768338819,25075.0,35100.0,31662.5,34425.00000000001,0.2725020291340937,0.25733647825097883,0.25406360801401173,0.25699524670442175,0.5220172689998807,0.5072834298998725,0.5040472279598527,0.5069469860887051,benign
98.33333333333334,137.64705882352942,124.16666666666667,135.00000000000003,0.2139498432601881,-0.09215116279069768,0.01850237334108302,-0.07196625331830252,0.6143850152246794,0.4602159136345463,0.5130793836311629,0.4705963768338819,25075.0,35100.0,31662.5,34425.00000000001,0.2725020291340937,0.25733647825097883,0.25406360801401173,0.25699524670442175,0.5220172689998807,0.5072834298998725,0.5040472279598527,0.5069469860887051,benign
98.33333333333334,137.64705882352942,124.16666666666667,135.00000000000003,0.2139498432601881,-0.09215116279069768,0.01850237334108302,-0.07196625331830252,0.6143850152246794,0.4602159136345463,0.5130793836311629,0.4705963768338819,25075.0,35100.0,31662.5,34425.00000000001,0.2725020291340937,0.25733647825097883,0.25406360801401173,0.25699524670442175,0.5220172689998807,0.5072834298998725,0.5040472279598527,0.5069469860887051,benign
96.63157894736842,115.84487534626038,88.57894736842105,106.66204986149584,0.24107514354664225,0.08939338009105453,0.3033333333333333,0.16178833660093028,0.6210584592074102,0.5457133575293514,0.6526369209401259,0.5817238840666589,24641.052631578947,29540.4432132964,22587.63157894737,27198.822714681442,0.2653324099722992,0.2531978729444986,0.2746814404432133,0.2576599320140269,0.5151042709707416,0.5031877114402722,0.5241006014528253,0.5076021394892135,benign
34.57303370786517,47.22699154147204,35.750936329588015,37.60131296553465,0.7106940687039311,0.6042076899319385,0.7009370571053819,0.6848985399324848,0.8644215606756435,0.8147989597534007,0.8598024057447029,0.852546138372169,8816.123595505618,12042.88284307537,9116.488764044943,9588.334806211336,0.4141608881532292,0.3811645889409656,0.41065942073032924,0.40632321373410935,0.6435533296885575,0.6173852840333706,0.6408271379477692,0.6374348701899742,malignant
80.60344827586206,92.78240190249703,77.9655172413793,97.33055885850179,0.36779521056977704,0.2722115384615384,0.3884928205643137,0.2365539855518179,0.6839129069857468,0.6361530390130603,0.6942575754843952,0.6183174036705632,20553.879310344826,23659.512485136744,19881.206896551725,24819.292508917955,0.2838386841062227,0.2685933879179562,0.28774474831549746,0.26404286273772376,0.5327651303400239,0.5182599617160834,0.5364184451671078,0.5138510121987927,benign
66.58333333333334,80.76734693877552,73.86904761904762,92.21632653061225,0.4699624278620706,0.35453468917715053,0.41149786525617243,0.26287064461379744,0.7388929043767108,0.6832701770155359,0.710321915189968,0.6383729082935115,16978.75,20595.673469387755,18836.607142857145,23515.163265306124,0.3144403502141597,0.2928786339025406,0.30199640967498115,0.27854960433152853,0.5607498107125491,0.5411826252777713,0.5495419999190063,0.5277779877292426,malignant
29.23076923076923,40.3921568627451,32.98076923076923,39.31372549019608,0.7542988138071604,0.6600302022791299,0.7226035746921154,0.6690357191984959,0.8853712952688747,0.8416018208101376,0.8706656390698159,0.8458308984098668,7453.846153846153,10300.0,8410.096153846154,10025.0,0.43196545934767916,0.4007645892561064,0.42114058031844825,0.40377226042507836,0.6572407925164712,0.6330597043376766,0.6489534500397145,0.6354307676097203,malignant
29.23076923076923,40.3921568627451,32.98076923076923,39.31372549019608,0.7542988138071604,0.6600302022791299,0.7226035746921154,0.6690357191984959,0.8853712952688747,0.8416018208101376,0.8706656390698159,0.8458308984098668,7453.846153846153,10300.0,8410.096153846154,10025.0,0.43196545934767916,0.4007645892561064,0.42114058031844825,0.40377226042507836,0.6572407925164712,0.6330597043376766,0.6489534500397145,0.6354307676097203,malignant
17.85904255319149,18.585332729741964,16.502659574468083,21.12494341330919,0.8484055379815474,0.8422848516978984,0.8604301133590063,0.8207337134205924,0.9299656160449077,0.9271174630750131,0.9352846831807375,0.9171583586504806,4554.05585106383,4739.259846084201,4208.178191489362,5386.860570393844,0.4728772917609778,0.47030625567531975,0.4757879696695337,0.46189791914676387,0.6876607388538172,0.6857887835735721,0.6897738540054513,0.679630722633081,benign
22.587412587412587,27.396694214876035,19.912587412587413,24.041996964074887,0.822565196569289,0.7847473594559281,0.8435792757675387,0.8111048256449982,0.9114232736168577,0.8925636357027438,0.9219126227938088,0.9057191088819996,5759.79020979021,6986.157024793389,5077.70979020979,6130.709225839096,0.42005314033286056,0.40497971427279933,0.42878781502657626,0.4154816222016184,0.6481150672009258,0.6363801648957951,0.6548189177372445,0.6445786392688004,malignant
16.473045822102424,17.578231292517007,16.450134770889488,21.625850340136054,0.8617812209001637,0.8521620649587783,0.8621687326506603,0.8181296206449457,0.9354008137570186,0.9310668197399219,0.9354906596349643,0.9151940479695091,4200.626684636119,4482.448979591836,4194.78436657682,5514.591836734694,0.472196717063472,0.469535199839573,0.47161280270978695,0.4560789753240676,0.6871657129568326,0.6852263858314075,0.6867407099552107,0.6753361942944178,benign
89.41558441558442,103.50340136054423,95.48701298701299,105.81632653061224,0.2944171050398779,0.18147458795837842,0.24624778969704117,0.16247139588100676,0.6493560417990646,0.5941105504423034,0.6255468841434456,0.5850403951449248,22800.974025974025,26393.367346938776,24349.188311688315,26983.163265306124,0.2753415415753078,0.26296913323152393,0.2689675043571148,0.2617659308621408,0.5247299701516084,0.5128051610812082,0.5186207712357025,0.511630658641701,benign
37.208407871198574,48.98954389760231,38.68336314847943,42.0326302505859,0.6936155868130104,0.596505151062627,0.681444303617055,0.6538237885186929,0.8540869189684799,0.8078870960248425,0.8483028695773651,0.835168690771393,9488.144007155635,12492.33369388859,9864.257602862253,10718.320713899406,0.3991267789081575,0.3686630015235181,0.3951030907123597,0.3861804561393394,0.631764812970901,0.6071762524370647,0.6285722637154456,0.6214341929274083,malignant
37.208407871198574,48.98954389760231,38.68336314847943,42.0326302505859,0.6936155868130104,0.596505151062627,0.681444303617055,0.6538237885186929,0.8540869189684799,0.8078870960248425,0.8483028695773651,0.835168690771393,9488.144007155635,12492.33369388859,9864.257602862253,10718.320713899406,0.3991267789081575,0.3686630015235181,0.3951030907123597,0.3861804561393394,0.631764812970901,0.6071762524370647,0.6285722637154456,0.6214341929274083,malignant
45.099734042553195,49.17609778180172,42.952127659574465,55.64056133997284,0.6357791370034315,0.6038418792624399,0.6542174515961707,0.5517647554096151,0.8231410177336593,0.807155523415873,0.8315628740320566,0.7818050757897906,11500.432180851065,12539.90493435944,10952.79255319149,14188.343141693074,0.368829201718978,0.35754857745823965,0.3728060868417082,0.3426180932729004,0.6073131002365897,0.5979536582865261,0.6105784854068379,0.5853358807325076,benign
18.897459165154267,23.388734995383196,18.743194192377494,22.99630655586334,0.8480690977324222,0.8118311000064525,0.848856870942249,0.8150067942406602,0.9258934566617303,0.9082808811271996,0.9264984080359202,0.909819792517683,4818.852087114338,5964.127423822714,4779.514519056261,5864.058171745152,0.44361198305231775,0.4292548854438343,0.44558789515039665,0.4304651448972012,0.6660420279924667,0.6551754615702837,0.66752370381163,0.6560984262267371,malignant
39.189473684210526,43.70133333333333,39.86052631578947,51.09066666666667,0.6810537414097791,0.6448945495619154,0.6752520853529367,0.5848222508749309,0.8463181529007828,0.8286248577492079,0.8436866144230568,0.7996475256051425,9993.315789473683,11143.84,10164.434210526317,13028.12,0.38808476454293617,0.3753816177777778,0.3867738227146814,0.357209015308642,0.6229644970164321,0.6126839460747913,0.6219114267439387,0.5976696539967894,malignant
17.040910773787484,20.049727903921937,18.221029248426508,23.92568962281854,0.8476357378100102,0.8191200734423129,0.8365737907614831,0.7841191412794992,0.9331739266244916,0.9213748252160661,0.9285460822079051,0.9061752090883842,4345.432247315809,5112.680615500094,4646.36245834876,6101.050853818728,0.49903786988542514,0.4928674455576316,0.49641973073173085,0.48035668828925,0.7064261248605017,0.7020451876892482,0.7045706002465124,0.6930776928232866,malignant
16.65221514699905,21.24854859640735,16.61766698279366,19.384946383443754,0.8682928862709024,0.8318617535035445,0.8686371787323613,0.8466063185174459,0.9346981997587926,0.9166736398965971,0.934833680672156,0.9239817714794367,4246.314862484758,5418.379892083874,4237.505080612384,4943.161327778157,0.44314329657169294,0.4280258068710482,0.44299296386007125,0.4341759206141779,0.665690090486326,0.6542368125312487,0.6655771659695601,0.6589202687838476,malignant
2.296227293898463,2.2965776489936567,0.03959012575687005,2.2965776489936567,0.9507797183633031,0.9507725027936625,0.999176312428366,0.9507725027936625,0.9909953255629423,0.9909939516425217,0.9998447469924645,0.9909939516425217,585.5379599441081,585.6273004933824,10.095482068001862,585.6273004933824,0.8081270378174519,0.8081245945464889,0.8113565597429196,0.8081245945464889,0.8989588632509565,0.8989575043051194,0.9007533290212808,0.8989575043051194,malignant
14.598960793575815,17.574078478002377,14.598960793575815,17.671105826397145,0.8852006766715611,0.8617939958161658,0.8851928740153988,0.8610309536950678,0.9427500537883027,0.9310831050365914,0.9427500537883027,0.9307026114826181,3722.735002361833,4481.390011890606,3722.735002361833,4506.131985731272,0.4473233104751356,0.4371706532481432,0.4473572039469941,0.43684274510413823,0.668822331023072,0.6611888181511717,0.6688476687161241,0.66094080302561,malignant
6.069501745477626,7.513186637540626,4.450967946683592,6.236080771484896,0.9095525429484823,0.8872153715415784,0.9342883789905403,0.9063867188744749,0.9761983984083783,0.9705369760930573,0.9825454921661441,0.9755451573719951,1547.7229450967945,1915.8625925728595,1134.9968264043162,1590.2005967286484,0.7136066132814582,0.7101679827673216,0.7172229613178425,0.7149062023103001,0.8447523976180584,0.8427146508559832,0.8468901707528801,0.8455212607086235,malignant
29.219096904793,31.04271500926093,30.896728483740368,42.11059024078415,0.7703901239437634,0.7560363604629705,0.7572373818694075,0.6690543061349709,0.8854170683923013,0.8782657348235854,0.8788382221979856,0.834862970021223,7450.869710722215,7915.892327361537,7878.665763353794,10738.200511399957,0.3995041691437979,0.3940905952983134,0.3944136156051352,0.3631385533335708,0.6320634217733201,0.6277663540667925,0.6280235788608062,0.6026097852952363,malignant
6.152651696129957,7.636758845550054,4.294672718585762,7.5751720806665865,0.9361039418357353,0.920260299981751,0.9554758308135733,0.9209033620786726,0.9758723251851084,0.9700523866512585,0.9831584052034668,0.9702938996621354,1568.9261825131389,1947.3735056152639,1095.1415432393692,1931.6688805699794,0.5988401204935616,0.5953758690435128,0.6051786148011402,0.5956029781774137,0.7738476080557215,0.7716060322752232,0.7779322687748209,0.771753184753658,benign
36.87282229965157,37.772159428911365,35.54006968641115,51.42474717430101,0.7069662307041747,0.6981956372123642,0.717595737149745,0.5891097229517729,0.855402920579289,0.8518761625446376,0.8606293210402787,0.7983374261149885,9402.56968641115,9631.900654372397,9062.717770034842,13113.310529446759,0.38285354792323434,0.3830134607987017,0.38652958704798596,0.3482015994983298,0.6187516043803316,0.6188808130801129,0.6217150368520822,0.590086094988121,benign
29.212025316455698,36.81381188912033,31.915348101265824,40.164236500560804,0.7706609766295413,0.7110973322488238,0.7495405702847868,0.6848091293871787,0.8854447996847998,0.855634330395139,0.8748436968931999,0.8424956124066834,7449.066455696203,9387.522031725684,8138.413765822785,10241.880307643005,0.3990570922127864,0.37676302906789844,0.39079177765983014,0.3675827657457247,0.6317096581601285,0.613810254938689,0.625133407889732,0.6062860428425881,benign
11.779497098646035,17.28974234321828,13.658123791102517,13.621779290228488,0.8889679004950841,0.8364803813725286,0.8714578850081366,0.8711668696926572,0.9538066041252,0.9321981315547526,0.9464395539210295,0.9465820791835842,3003.771760154739,4408.884297520662,3482.8215667311415,3473.5537190082646,0.5398969828686524,0.5221473734831286,0.5326248847342913,0.5347996852035872,0.7347768252120179,0.7225976567102391,0.7298115405598156,0.7312999967206257,benign
