dissimilarity_dist_1_ang_0,dissimilarity_dist_1_ang_45,dissimilarity_dist_1_ang_90,dissimilarity_dist_1_ang_135,correlation_dist_1_ang_0,correlation_dist_1_ang_45,correlation_dist_1_ang_90,correlation_dist_1_ang_135,homogeneity_dist_1_ang_0,homogeneity_dist_1_ang_45,homogeneity_dist_1_ang_90,homogeneity_dist_1_ang_135,contrast_dist_1_ang_0,contrast_dist_1_ang_45,contrast_dist_1_ang_90,contrast_dist_1_ang_135,energy_dist_1_ang_0,energy_dist_1_ang_45,energy_dist_1_ang_90,energy_dist_1_ang_135,ASM_dist_1_ang_0,ASM_dist_1_ang_45,ASM_dist_1_ang_90,ASM_dist_1_ang_135,pathology
4.62591865244067,6.196418031952863,5.005535167575728,5.335783542311782,0.9863507914189272,0.9757210940793214,0.984228354701973,0.9821616785480873,0.2489427352100621,0.1870903789059397,0.22454110268892777,0.20803785551438647,40.358471848237954,71.47123231912121,46.58636280691875,52.56092187420712,0.02059924558619129,0.01732651289892259,0.019311821459633144,0.018479481530436166,0.0004243289187202213,0.00030020804923653097,0.00037294644808874724,0.00034149123763373135,benign
3.8683322079674127,4.704554697031189,3.8931802835919562,4.551104785142833,0.9872263370784448,0.9812099078983021,0.9867873918849478,0.9818451522715672,0.3108973915410768,0.2487184835690533,0.2903500392441454,0.26794544461187825,28.53517893315245,41.824522163480175,29.570830519918058,40.58377389182479,0.031035534722420214,0.026001455089691778,0.028313723518101942,0.02657165944412663,0.0009632044155065508,0.0006760756667812585,0.000801666939459519,0.000706053085614644,benign
2.8083252662149127,4.8339032730825595,3.7213352685050842,3.4313629702002952,0.9741095971169433,0.9009318472980079,0.9380395498242309,0.9491387734869549,0.36582862999429344,0.25614448905557513,0.32608720058860285,0.34177420456357216,19.87705711519844,73.1338544211035,45.79874213836479,37.67659990229579,0.0660080596404504,0.053863598679994205,0.06059301326135143,0.06341449720137987,0.0043570639374972565,0.0029012872627594737,0.0036715132560903104,0.004021398455303815,benign
2.8083252662149127,4.8339032730825595,3.7213352685050842,3.4313629702002952,0.9741095971169433,0.9009318472980079,0.9380395498242309,0.9491387734869549,0.36582862999429344,0.25614448905557513,0.32608720058860285,0.34177420456357216,19.87705711519844,73.1338544211035,45.79874213836479,37.67659990229579,0.0660080596404504,0.053863598679994205,0.06059301326135143,0.06341449720137987,0.0043570639374972565,0.0029012872627594737,0.0036715132560903104,0.004021398455303815,benign
4.324955116696573,5.098914354644171,4.8096947935368055,6.073281061519916,0.967440922326131,0.956665215474973,0.9599271518922753,0.9322322171084019,0.3232529092373037,0.29252695323321687,0.3141289450766463,0.26666667765481944,50.14602034709787,67.83112183353472,62.37163375224453,100.5208082026543,0.05334676372965754,0.049548115811707934,0.05214925677293668,0.0478952513777851,0.0028458772004279053,0.002455015780490422,0.0027195449819696817,0.0022939551045412254,benign
6.942694663166982,7.942668136714407,7.653391684901544,9.718667255075056,0.959666842946237,0.9491822689488711,0.9524862800778895,0.920618191992906,0.198809954402911,0.18676639387549832,0.19470013728087598,0.13916315000526258,97.9020122484661,121.84388092613126,115.2266958424514,191.04037952338857,0.028683540099705793,0.028784421384045262,0.0282940712443763,0.024420331330355288,0.0008227454726514302,0.0008285429144142821,0.0008005544675818419,0.000596352582284332,benign
3.9024556616643875,6.226272352132071,5.217257844474738,5.288071502234439,0.9836786571651582,0.9617353068462535,0.971955432272461,0.9709304884178631,0.3904486752222881,0.2755893399209532,0.306799338862108,0.2958128933304387,39.05320600272851,89.86726272352182,65.55627557980922,68.77999312478508,0.06406152084325475,0.052529691172813135,0.05578510057380898,0.054865119132778625,0.004103878452750763,0.0027593684547111224,0.0031119774460299826,0.003010181297453991,benign
5.490585958120541,7.191716291884855,5.7433324531289,6.347402884700051,0.9819867329373118,0.9680802164793356,0.9796713955126064,0.9761563373264032,0.21203822368948655,0.16209406922112615,0.21669983385326985,0.19903469677900024,59.2071089213428,103.56643853879169,66.88390106504492,78.28740819396194,0.02227605597723068,0.020063886507593748,0.0225495537084934,0.02131921180463965,0.0004962226699007148,0.00040255954178960247,0.0005084823724522284,0.0004545087919710867,benign
5.897413668544837,6.819543405554528,5.665270153134759,7.017429193899565,0.9640408419557388,0.9528685820862063,0.9663130605852337,0.9484743247060142,0.23769443750392016,0.19022980746477902,0.2458169794205756,0.20668315192123035,63.65380725328522,83.67718481895922,60.09404796301456,89.52490922294531,0.029370675483954348,0.02628343903316475,0.029992633272422683,0.027786865862535003,0.0008626365783837569,0.0006908191674100884,0.0008995580506140361,0.0007721099144625131,benign
6.149864986498332,8.178754910849074,6.465594951922865,7.344775442310461,0.9736863489198193,0.9549411254851433,0.9723870524292259,0.9634634622586412,0.25179482598183134,0.20038590758369246,0.24142826495782807,0.20472788779647996,78.99864986498541,133.60305228165103,83.7417367788442,109.20021170421738,0.03494109920815208,0.029512518887175942,0.03217863555039972,0.03038113228535236,0.0012208804138739262,0.0008709887710659167,0.0010354645858854487,0.0009230131989400796,benign
3.9174410774410102,4.7108613217766635,4.279461279461154,5.57968855788752,0.9905761406732217,0.9862192216909133,0.9878338701456867,0.9792590112405953,0.2739545757382292,0.23040637310858011,0.25242381952699866,0.20913799990402032,31.419932659931952,46.04238894907862,40.7303703703695,68.57901150981542,0.030824396334764206,0.028233074192456166,0.029735348586680085,0.02730158041975194,0.0009501434094026251,0.0007971064783567343,0.0008841909555713772,0.0007453762934161825,benign
3.350972762645904,3.9501178318931927,2.9902723735408467,3.879811468970963,0.9379992396694291,0.9130230641537402,0.9519026465002554,0.9089736219360134,0.31223966529391456,0.27607986910506616,0.3530355597698576,0.2925262986411069,28.085603112840637,39.22977219167342,22.627626459144143,40.01649646504356,0.05443230701129148,0.051130684721104346,0.05718123566559178,0.0517082305395177,0.002962876046571492,0.0026143469200489732,0.0032696937122439454,0.002673741105527911,malignant
4.719935863174636,6.8641774891771945,6.0760088632243665,6.248176661264019,0.9852841730697643,0.9668135211876622,0.9742913954740943,0.9727147414569154,0.23913727577638022,0.18015510171643612,0.19903819839892403,0.18723331161114468,43.494788882949216,95.53896103895698,74.86953602363309,78.87797136682654,0.02542614290571009,0.022292816668344012,0.023320425685639808,0.022605563556419943,0.0006464887430615915,0.0004969696750083966,0.0005438422541594489,0.0005110115037033415,benign
3.6659791688149976,4.282858622475319,3.999793856936602,4.87001553599153,0.9845337468048616,0.979655845380167,0.9820390182730333,0.9739396409237763,0.30615273831223094,0.26271391786139997,0.2822507686799153,0.24053542476154527,25.98566566979407,33.666183324701485,29.961245104101287,43.52915587778213,0.03251454202813486,0.02989870110314453,0.03166813054514908,0.028196957081721943,0.0010571954432993485,0.0008939323276551761,0.0010028704922246043,0.0007950683886684693,malignant
8.63070193709624,10.49768421052608,8.842171189978718,10.863684321586897,0.9630953846519457,0.9456431994543169,0.9598056094143581,0.9410786933703181,0.20023062971715813,0.15714989730063894,0.19015250845262074,0.15124565544593416,129.4763590918519,189.83284210525807,140.91231732776254,205.10930576070442,0.02521814048192489,0.0220801862772659,0.023493156077035837,0.020921898703594136,0.0006359546093660988,0.00048753462603876133,0.000551928382459966,0.00043772584536345396,benign
4.251302881667466,6.5102763451616745,5.4482045785157505,5.520717806530841,0.9907603698096311,0.9789037856004108,0.9853485437759611,0.9848395238605765,0.29798179504719435,0.20219400124297382,0.2309337196251047,0.2277733166945301,39.710836909868895,90.03887306596306,62.737845494215094,64.93815465187515,0.03015780556505257,0.024165553582264125,0.026077258057741057,0.025960791550266482,0.0009094932364995158,0.0005839739799372786,0.0006800233878100208,0.0006739626979163876,benign
5.1423455684870145,5.681735985533483,5.193822739480747,6.900542495479228,0.967660756697728,0.9601635389574823,0.968442647695712,0.9436031937333869,0.2456846382706261,0.21431570707579076,0.24156394348351345,0.1987274423567649,51.463742166517434,63.14285714285757,51.59937332139674,90.39963833634754,0.03882895070032421,0.03617342833382438,0.038400863129404474,0.03455970136277848,0.0015076874124882078,0.0013085169174223284,0.0014746262890832557,0.0011943729582844327,malignant
2.9039497307001785,3.4873341375150964,2.900059844404549,3.533172496984328,0.9662292362053553,0.9537806091259384,0.9654951693682439,0.9449119428505417,0.33532084768349507,0.29504996880968687,0.34335726010017004,0.30397811005531117,16.49102333931781,23.086851628468157,16.774386594853418,25.535585042219598,0.05893572547317903,0.05341290495818788,0.059272400993615255,0.05615082423099133,0.003473419737049924,0.0028529384160724115,0.003513217519547923,0.0031529150618196835,benign
4.998054474708135,6.847496882237638,5.236283185840617,5.693487957181015,0.9824935474053139,0.9662012531769146,0.9800118655944775,0.9765347146208325,0.23626693225243564,0.19678928377940275,0.24343453785008545,0.2079956370351152,49.99840820657926,94.68466060929966,56.63451327433564,65.6974130240857,0.03334544439559993,0.030045094298524547,0.03290631540044542,0.030975963481478068,0.0011119186619400465,0.0009027076914072321,0.0010828255932335913,0.000959510313605863,benign
3.7786885245901543,4.214328004736551,2.7944250871080083,4.900591715976349,0.5039764629236805,0.5006405106508743,0.9591229216670778,0.4516290377055853,0.36912371893195517,0.3334139750093762,0.3570523876636738,0.2890878168252514,184.73887587822028,183.37596210775666,18.04761904761907,202.84852071005946,0.0675373557250482,0.0633081974910625,0.0665513840946531,0.05844824130692787,0.0045612944183317005,0.004007927869567373,0.004429086724914046,0.0034161969118728696,malignant
5.838107098381028,7.547858942065404,4.333748443337434,5.427581863979794,0.9711886338053662,0.9534116091241961,0.9855929260594054,0.9754742198624446,0.23639836853339552,0.20270715989998223,0.2728966884131516,0.23540670129842525,77.08468244084695,123.93450881612232,39.50311332503129,66.23236775818619,0.04035330447327439,0.03789864867337822,0.04273088225332128,0.039484681749864886,0.0016283891819127868,0.001436307571268153,0.0018259282981472075,0.001559040092888113,malignant
6.05483271375466,9.053875236294902,7.808411214953267,9.249049429657859,0.9833981022140816,0.9650271053982844,0.9742663189542049,0.9615693939993656,0.27894894064737596,0.18406220728362516,0.20161774507324226,0.18971797484566688,89.46561338289968,187.53780718336574,138.3691588785046,205.09885931559012,0.04674638044594527,0.0383759207006843,0.04054933299049825,0.03923334426518842,0.0021852240847970543,0.00147271128962521,0.0016442484059743102,0.0015392553022307936,benign
4.014945088123171,5.173874368340284,4.383071899126002,4.9238480744494675,0.9891618912119069,0.9821291917257314,0.9872449363927219,0.9838875800616851,0.2763584865628819,0.2140746667500192,0.23909837265650807,0.21814878998627543,29.363361890024983,48.28919128640795,34.54748286992451,43.62298554891415,0.02405387303519144,0.02051669890918497,0.022176468192532883,0.020518945351955382,0.0005785888079931098,0.0004209349341301518,0.0004917957414944227,0.0004210271183565314,benign
2.895814376706073,5.027491408934692,4.291562428928819,4.3237920769406895,0.9940867142992069,0.9821956215251614,0.9868518219016873,0.9862896911282235,0.34553640743927483,0.23768485008540832,0.2706398574403152,0.2645723351195028,18.35395814376702,53.47468499427375,39.47509665681116,41.44080604534017,0.04390001258702175,0.03640053277487454,0.03967425515097841,0.03867934493816305,0.0019272111051406684,0.0013249987862947153,0.0015740465217849366,0.0014960917248453996,benign
4.137759224346787,4.796777687516807,4.12348505251811,5.593419983752913,0.9848436454874437,0.9800498521394495,0.9848220364267506,0.9719174106197744,0.2767255968862787,0.24207267480348355,0.2832657878472937,0.21894561806934001,33.25653110692072,44.102761982127454,33.476030164287025,61.12090441375436,0.034786090103090576,0.031185729139220682,0.03428199331059195,0.03007652623491014,0.001210072064660336,0.000972549701944838,0.0011752550653474714,0.000904597430359238,malignant
4.557565789473685,6.000000000000018,4.629111842105267,4.528333333333349,0.8792080891309899,0.78715818866785,0.8890540903369674,0.8996207510998848,0.2891609524143005,0.22047407362709656,0.2590969466910659,0.28061584922351035,45.623355263157926,74.19833333333357,42.15213815789478,40.05333333333344,0.06456246823990343,0.056402570863392676,0.06339441816927406,0.06429100507328667,0.004168312305228539,0.003181250000000032,0.004018852255020785,0.004133333333333372,benign
5.90021045247277,6.996824276640728,5.934759733426812,7.3359209597741115,0.9316227566565541,0.899844305300848,0.9289468129685531,0.8948584274898254,0.23485171782022338,0.21384410230030446,0.2443319245612672,0.19887315627815025,66.65012276394184,97.66690190543339,69.38091897579744,101.50635144671801,0.04019942931524567,0.03825806634760052,0.041402174655107836,0.03656553775666163,0.0016159941172714332,0.001463679640657403,0.0017141400661720538,0.0013370385514338472,malignant
3.0073929961089396,4.620188531029085,3.6124513618676923,3.9014139827180028,0.9817534554947708,0.9545971458113933,0.9741190925439316,0.970167358785489,0.375114598433086,0.2954423445997953,0.33534571547245123,0.3161047207470818,21.845525291828935,51.63589945011813,30.079377431906813,35.09622937941893,0.0760060733980301,0.06883507511229062,0.07376953718761803,0.07128640180649409,0.0057769231933867396,0.004738267565714691,0.00544194461687536,0.0050817510825169245,malignant
7.144475920679887,10.370571428571598,8.424036281179125,8.583881108888255,0.947505443198511,0.8904309191761538,0.92688011778774,0.9235422081831811,0.2517365837855521,0.17246497558808066,0.21605956938795842,0.22231429965372354,107.32917847025534,221.41057142857284,149.03911564625867,156.6393255215766,0.03785130847167433,0.03179911435039349,0.03492495997600045,0.03552732098616892,0.001432721553017845,0.001011183673469401,0.0012197528293252334,0.0012621905364542784,benign
8.510917030567711,12.215141955835994,8.502807236431712,8.501262626262758,0.9421563061001408,0.8780546612768628,0.9438336191525148,0.9445188230746542,0.16407601521871631,0.10862956332568438,0.16513004360153385,0.1522802098610847,127.40174672489096,257.6208201892761,124.44791016843405,124.19065656565785,0.02924693242602849,0.025844415329039933,0.029689342568410975,0.029306804011200213,0.0008553830563326768,0.0006679338036999143,0.00088145706214446,0.0008588887613509009,benign
3.603697024346263,4.1797548797095185,3.353697024346269,4.258511121198401,0.969558417456186,0.9583370419174071,0.9755863908520528,0.9596501046580815,0.30418123853303014,0.27027227903382245,0.3211369471034471,0.2682107996208438,25.87556357078455,35.634135270086546,21.511045987376065,34.18860644575613,0.05294062882988523,0.049892176655085704,0.0541771824805663,0.04826425291992646,0.002802710180903675,0.002489229291382279,0.0029351671015325803,0.00232943810991863,malignant
6.681029952706109,7.95760697305839,5.83337713534808,8.209176252809476,0.9270371780915864,0.9107810390229224,0.9691123181751434,0.90956347230609,0.24100578964783217,0.20563477963029278,0.22835140550821523,0.18074945168642756,153.03152916447257,184.09944532487486,64.61524310118105,187.9505487240486,0.03473615487916573,0.0325895549090188,0.03360194140840236,0.02904522931161834,0.001206600455789389,0.0010620790891679513,0.001129090466413705,0.0008436253457644933,benign
2.9258480235042503,3.5393679700053227,3.0237379807692095,3.3515332083556255,0.976588564061683,0.9676410098313108,0.9751525978597793,0.9708385319446974,0.5472745629284629,0.48690112016120957,0.5344634796946011,0.49331923294666075,21.744557959401625,29.804900910551524,22.968850160256277,26.947475897161084,0.09586620871356909,0.08775735623784338,0.09206552634607727,0.08823316935477168,0.00919032997311359,0.007701353573855749,0.008476061141380248,0.007785092174387821,malignant
4.983354106079437,6.45332108968451,5.469021151553762,6.111108021687541,0.9829961757415692,0.9715854400834272,0.979406514904222,0.9744465179372354,0.23647637099621371,0.1919898966320051,0.23110608699770116,0.192547719525603,45.45287356321818,75.32785151793033,54.81257450170427,68.04243014041181,0.02164851052855787,0.019075235742183436,0.021320559640323696,0.019094253739020246,0.000468658008105081,0.0003638646186198725,0.00045456626337659966,0.0003645905258500887,benign
5.869719140901599,6.554448398576474,5.766915538963941,7.3390272835112516,0.9449512583217634,0.9301887938211304,0.9481507998560211,0.9166069597714419,0.19905431173205496,0.19390525174116452,0.21333277585589905,0.15273334559639387,64.0816615529857,81.4749703440095,61.62319178721376,97.53831553973906,0.027627994753497177,0.027329889922342476,0.029177318791655495,0.02456633232183479,0.0007633060940992675,0.0007469228831673569,0.0008513159318698928,0.0006035046837468248,malignant
4.530049261083721,6.257514098017323,5.052459301315088,5.545211684766621,0.9836997814178184,0.9696165447054784,0.9801915840050962,0.9762362106412588,0.2804163179363109,0.1974606791430611,0.2340502430600075,0.21662080821150542,38.59501593740944,71.43913144584303,46.977145008979264,56.384517103197915,0.024913244568446312,0.01955098878640748,0.021914687131171527,0.020809329942898337,0.0006206697549272196,0.000382241162526231,0.0004802535120571349,0.00043302821267240526,malignant
3.7187902350356894,4.622474299893555,3.91445375605812,4.480249480249385,0.9929163738682768,0.9891749612454273,0.9921455853072287,0.9898532992633701,0.2915088299230232,0.2474265228035209,0.28387802041867527,0.24857768704414968,25.93383151144872,39.46741277155914,28.757496970920556,37.02545509862501,0.024035106921860786,0.022109821803821244,0.02426597097415589,0.021658554192043416,0.0005776863647452803,0.0004888442201967292,0.0005888373473185761,0.0004690929696896814,malignant
4.762012552731382,5.905635987590366,4.6681276749341185,5.7375122935967715,0.9882510927229967,0.9813918232222633,0.9884968183293079,0.9826728179744416,0.2217014804706761,0.18554313507381498,0.22083655976824387,0.19809271509417684,43.21967280584117,68.2919855222316,42.373279018200606,63.61721621201616,0.021001505563096733,0.018897046376621554,0.02104205753004761,0.019215364765918327,0.00044106323591678307,0.00035709836176018575,0.00044276818509783323,0.0003692302430872955,malignant
5.408318780758711,6.386229612707446,5.595966546686309,6.853737696195429,0.97710920160557,0.9680207658122834,0.9755826033743412,0.9631749827574013,0.20222066024347127,0.17833095186476766,0.19026831919968468,0.1579831399496118,54.47790654601165,75.90543484035052,58.034353165359946,87.52029795157809,0.021420929473165345,0.019769302924186737,0.021044929567860964,0.019043828883335494,0.0004588562194943237,0.00039082533810825827,0.0004428890605162286,0.0003626674185377632,malignant
5.099896503622334,6.5723716934203695,5.202286125736743,5.949753516348981,0.9809990735819722,0.9680973294254278,0.9796936173920213,0.9736933531990772,0.2364608337651689,0.2027264328204637,0.2551987300447558,0.20669910910047526,54.6845610403634,91.51435677141556,58.55101030556519,75.63045542941889,0.02318644009051662,0.021027327806279743,0.023839803696071044,0.021613751685813063,0.0005376110040711164,0.0004421485146727453,0.0005683362402672026,0.00046715426193598707,benign
7.3492779783394315,8.913919413919539,5.854594112399639,7.648250460405196,0.8814066678192642,0.8277318530649872,0.9229155071661657,0.8678151494204711,0.1129211552716663,0.09227635138654179,0.1909596556490189,0.1092497339793739,85.40342960288817,124.32417582417735,56.143621766279914,94.7918968692454,0.03255358988604959,0.03080382452665636,0.03742936007565952,0.03218887346767688,0.0010597362144691101,0.0009488756054690361,0.001400956995673375,0.001036123575118113,malignant
9.098946881147356,11.429622707626677,8.902256504719585,11.026321946653184,0.9325184917148654,0.895730538245104,0.9367908616052032,0.9017713946175059,0.12835708183028827,0.11277637592211029,0.14806629398451884,0.08637337165062645,139.06608031476668,214.32671416888252,130.4339166474695,201.65898455777497,0.01767713907476276,0.016828777359142878,0.01909195798614099,0.016035891097328493,0.00031248124586850446,0.00028320774740359995,0.00036450285974457284,0.00025714980328537916,malignant
4.893922651933694,4.847801578354019,4.253536452665909,6.625279642058158,0.9555383591857939,0.9585547226090539,0.964893088092067,0.9099432327948743,0.22224513939139764,0.2153377672071354,0.287698701551155,0.19555202711609157,53.85303867403333,48.753100338219085,40.90424374319935,103.91834451901599,0.04457026304994188,0.04408391160319562,0.048663068063107544,0.042046859349468946,0.001986508348341015,0.0019433912622383658,0.0023680941933146376,0.0017679383811540239,benign
3.5050590219221953,5.091833851370094,4.233839235525255,4.524018084204295,0.9845661532619525,0.9682204923559429,0.9777237708589537,0.9739945908611574,0.26597908648281704,0.19387530109526732,0.2308127098163844,0.22917847277783257,22.4977515458111,46.07572760666534,32.43367060145948,37.81336535744328,0.030346648776856524,0.025827146146510417,0.027804385644802154,0.02762450029335901,0.0009209190919858876,0.0006670414780732078,0.00077308386108488,0.0007631130164577921,benign
6.218520121159677,7.8279334500876026,6.638408304498258,7.684554973822034,0.9602941053895343,0.935162285832942,0.9536623693900445,0.9390835623074477,0.20071682899960822,0.1743406216411217,0.20929691826736188,0.16411527831433803,68.697100822155,110.29378283712822,80.07525951557116,105.07024432809824,0.035128470157162535,0.03380080396780894,0.0357652149838694,0.03191857095667008,0.0012340094155826587,0.0011424943488702486,0.0012791506028423964,0.0010187951719159824,malignant
5.728395061728388,8.198329853862258,6.565843621399179,7.607515657620106,0.9654844977453385,0.9173425730934719,0.9496982218847713,0.9376789624979971,0.2727459843687611,0.27339197070410537,0.2743335205623825,0.2213759103928379,77.246913580247,179.44885177453085,111.5288065843623,136.34237995824682,0.06514060130978082,0.06349438966908401,0.06260099969784487,0.05863657340985589,0.004243297938999818,0.004031537519449482,0.003918885163169574,0.003438247741249419,benign
5.728395061728388,8.198329853862258,6.565843621399179,7.607515657620106,0.9654844977453385,0.9173425730934719,0.9496982218847713,0.9376789624979971,0.2727459843687611,0.27339197070410537,0.2743335205623825,0.2213759103928379,77.246913580247,179.44885177453085,111.5288065843623,136.34237995824682,0.06514060130978082,0.06349438966908401,0.06260099969784487,0.05863657340985589,0.004243297938999818,0.004031537519449482,0.003918885163169574,0.003438247741249419,benign
3.9310251555314073,4.770946681175208,4.122040319307178,5.050333287987907,0.982074216698509,0.9735055170923044,0.9799433954030206,0.9703931265970044,0.27676388434128574,0.23825748616204517,0.2627295953599753,0.22292734634627423,31.495807411414148,46.37840043525509,35.40089297794547,51.45327166371755,0.03218684008202603,0.02890969981886801,0.030752640069440326,0.02829089150195191,0.0010359926744659177,0.0008357707436170569,0.0009457248712405467,0.0008003745419752148,malignant
5.15992217898831,7.9697564807541275,5.8540856031128214,6.1787117046347175,0.986935111266763,0.9685596856910921,0.9829026016974899,0.9810614214807772,0.25706767021251314,0.17345227146956985,0.22419538323534716,0.23126678218234487,56.087548638132425,134.96818538884597,73.1428015564203,81.18735271013414,0.03891050583657604,0.03400719982755522,0.037190587386539145,0.037363013324308615,0.0015140274644582182,0.0011564896401112716,0.0013831397901558043,0.001395994764672463,malignant
4.182301740812385,5.910156250000003,4.8849129593810545,5.469726562500003,0.9564385550357835,0.8999113348941155,0.9354181864303789,0.9257034571462561,0.3024815591653693,0.23695120187706978,0.2785011860799938,0.2375104014499576,41.41247582205051,88.4765625000001,59.492263056093115,69.16894531250007,0.05243884608017788,0.04708180900514333,0.050036090219015145,0.04723348233978614,0.0027498325782205875,0.0022166967391967956,0.002503610324405423,0.002231001853942889,benign
6.2349234923492,7.528207461328474,7.386138613861305,8.811989100817483,0.9540166033735139,0.9293387151874145,0.9320319178903013,0.9039475362079915,0.23458301363606598,0.20988260227894398,0.21372465884648367,0.1719662395121855,75.17011701170084,113.02320291173746,108.5211521152109,153.22252497729465,0.04086002192342665,0.03973280127329459,0.03934098724203939,0.035655917303476246,0.0016695413915829068,0.0015786954970231203,0.0015477132771783057,0.0012713444387523368,benign
6.2349234923492,7.528207461328474,7.386138613861305,8.811989100817483,0.9540166033735139,0.9293387151874145,0.9320319178903013,0.9039475362079915,0.23458301363606598,0.20988260227894398,0.21372465884648367,0.1719662395121855,75.17011701170084,113.02320291173746,108.5211521152109,153.22252497729465,0.04086002192342665,0.03973280127329459,0.03934098724203939,0.035655917303476246,0.0016695413915829068,0.0015786954970231203,0.0015477132771783057,0.0012713444387523368,malignant
6.302023121386946,8.179187372113192,5.997828604516448,7.102269421006328,0.9750434170409167,0.9566945257098426,0.9755852619249563,0.9681160456282473,0.20757338605247833,0.16850039514699292,0.23206602818804772,0.18476207655722637,75.00693641618237,128.88833674363792,73.6275332947284,95.90878673261271,0.025963547530994613,0.023616988838135337,0.02733832042962902,0.024379879355188247,0.0006741058003942165,0.000557762161780609,0.0007473837639130715,0.0005943785173735341,benign
7.448096531977743,8.797580905910905,8.805005948970912,11.200327405312379,0.9632744967571818,0.9504314869265356,0.9486924158352299,0.9162634053985241,0.1739970036911043,0.14491427888668953,0.1516250576105426,0.12084019181271898,104.61734887661827,140.5571117838974,145.5570146447518,236.13521839422435,0.016672876779407996,0.015109898706951955,0.015453243276153722,0.013535439856350563,0.0002779848201013223,0.0002283090389343484,0.0002388027277519902,0.00018320813210488337,malignant
6.359862530523233,8.108846013832995,6.928422767169953,8.248455107233164,0.9779061349803186,0.9640559643638342,0.9739217859009857,0.9632752327968823,0.18562601500853976,0.142264382812068,0.16577896474136147,0.15132477979540354,70.41485032105895,114.20513287221773,82.9452538231779,116.11741185022848,0.02045004256223335,0.018468310048639074,0.019823614588967545,0.018301767657745896,0.0004182042407971554,0.00034107847605266303,0.0003929756953719268,0.0003349546993981137,benign
5.603428892636155,6.625883017801488,6.211073636874459,7.304040689460082,0.9263702182699787,0.8987560647577006,0.9100347435012165,0.8759507915106594,0.2551688076118464,0.21708427184356946,0.24286106352705375,0.21185526694068277,56.46880269814386,77.50014128284636,68.96149522203307,94.31393048883588,0.03905614820676975,0.033913769857359624,0.03739600051806932,0.0352719358040289,0.001525382712749164,0.0011501437859379544,0.0013984608547474413,0.001244109455363536,benign
9.029136479341856,11.935402253409048,9.50971482293921,10.170553017172862,0.94578195811366,0.90582372808319,0.9400641744083902,0.9314731472393352,0.15904206701700946,0.12606580278210053,0.17235160000640776,0.1449521387905382,146.8854121793565,254.69911049612796,162.4155437167005,185.52323932565324,0.017495613457888075,0.015230099875516797,0.01881140939297675,0.016446038864782953,0.0003060964902678343,0.00023195594221821675,0.00035386912335017386,0.00027047219434195134,malignant
7.649532917164961,8.688023152270135,7.782556697377462,9.807962946467514,0.9637866705267402,0.9532521004799512,0.9618809185328461,0.9398730361835571,0.1652086687304635,0.15448317311502446,0.1847463407472504,0.12949243447782383,102.89361136936925,132.53023152269705,108.48861622962129,170.6166384608389,0.017230147317912024,0.016291560930429976,0.01832318014498426,0.015421665068782753,0.0002968779765969509,0.0002654149575499124,0.0003357389306255453,0.00023782775349371417,malignant
6.9150765161531895,7.782219683989932,7.057537617109639,9.30258021517626,0.9635290162692148,0.9528527075817214,0.9615611291422638,0.9334124538132154,0.23448577977560706,0.21470773030915846,0.23455114124760748,0.17918455681234471,97.59389760060189,124.89377498572027,102.76757830982847,175.16128725125535,0.03150235052607256,0.030088892396927767,0.03146791216816137,0.026835540840416047,0.0009923980886675442,0.0009053414456738977,0.0009902294962231184,0.0007201462521976376,benign
4.27571565538943,5.253213545265775,3.9530348805272038,4.935853221133559,0.9544007260493513,0.9277683823568846,0.9572402985014253,0.9385696563308781,0.22726239416384922,0.19772071717201298,0.27455701277309086,0.19236756652324968,33.358307081220055,51.49951624049451,30.583905520460434,43.981790591804035,0.03322472266001733,0.030571588467026636,0.03560980836875759,0.031146331900009105,0.001103882195835069,0.0009346220213972361,0.0012680584520596378,0.0009700939908255248,benign
5.979097299296989,7.452274422072951,6.46824662099604,7.365667473468496,0.9705919545567698,0.9551529615559397,0.965911125900396,0.9548951361790308,0.2234585030652175,0.178472820169768,0.1950770916032146,0.16770555977997642,61.60469848316569,93.46047725577753,71.95648953897282,94.38931297709789,0.030738086122611228,0.02693965794086157,0.028096305612185457,0.02558571706032516,0.000944829938481065,0.0007257451699706259,0.0007894023890533241,0.0006546289174910139,benign
7.618783068783107,10.038646055437104,8.584920634920687,9.665511727078918,0.8869524572947436,0.8132691498181852,0.8625416198676227,0.8284634893915428,0.20522646501856529,0.15982771776228633,0.19584290455215211,0.16044620710426255,115.6648148148157,191.8051705756933,141.76534391534508,174.92510660980875,0.032635789590336424,0.029583021163137834,0.031901076414579455,0.02832066024943648,0.0010650947621847111,0.000875155141138661,0.0010176786764088377,0.0008020597969640114,benign
5.16415581297623,5.838951310861223,5.013347763347589,6.3996718522116804,0.9837722505417956,0.9795922926364461,0.984521160186356,0.9746918788139651,0.23536500946443212,0.20229006190256443,0.23874160876480077,0.19245722004282426,54.32134925874587,67.61954814546134,51.62313612313401,82.9112177928982,0.02273922050748312,0.021221913589569548,0.0230379428445484,0.020634195926686694,0.0005170721492879409,0.0004503696164031566,0.0005307468105086787,0.00042577004154089373,malignant
3.3885460856150087,4.583543322349135,3.7073594745990524,4.011948707985125,0.9798822475204063,0.9653635736743593,0.9756952096185308,0.9718053680254594,0.3368561424441154,0.24033230126314148,0.3072801549428221,0.29184114376066517,24.853837254144885,42.70992440395286,30.10469383812929,34.75432290654642,0.03219537041708941,0.026936581340662718,0.030762006129594222,0.029450087342307602,0.001036541876293596,0.000725579414322139,0.0009463010211171925,0.0008673076444695464,malignant
5.993490390576645,7.284865540963166,5.793542378143445,7.304851330203623,0.9726623213154332,0.9593949934239192,0.9745358650163477,0.9595721242155396,0.19560337928172944,0.1512470198178819,0.2049337181610898,0.17411306336643337,67.57687538747723,100.11726078799332,63.691710648866696,99.49577464788761,0.027310047540628424,0.025142346376141666,0.027172128515418878,0.02540904367236411,0.0007458386966713847,0.0006321375812978839,0.0007383245680584398,0.0006456195003441067,benign
4.3858340437622365,5.242253320005516,4.1999573954412055,5.437669764117132,0.9879883812211908,0.9831094590332008,0.9890726951702683,0.9813292936018249,0.24167483871309894,0.2096670131090053,0.2507562672276511,0.20281036008522257,36.807971014491656,51.4003284306711,33.728892991549245,56.855396711934986,0.024743338859007015,0.022610961160276624,0.025177075349590565,0.022751809615281608,0.0006122328178916467,0.000511255564591538,0.0006338851231589609,0.0005176448407700206,malignant
3.328813316114147,4.46744454047814,3.5650021523890354,3.8393114376259643,0.9901279064297543,0.9823439881596595,0.989066398924118,0.9873492504978709,0.35361129802189917,0.2723535754572109,0.32638707248819065,0.31985914348916133,21.831037451570783,38.90103716508129,24.285048070023876,28.051065975222823,0.04732181459158966,0.04282738561887887,0.044263516443573334,0.04302675464119006,0.0022393541362407884,0.0018341849589481522,0.001959258887950487,0.0018513016149531705,malignant
5.091939689377513,6.472687877750927,5.331822816358862,6.375796903460632,0.9844668259787288,0.975413915189073,0.9839566438241489,0.9768973691631321,0.2593840693093347,0.2270871421111698,0.24265576739384148,0.20309260603410145,55.94059630427232,88.52993499828621,57.75552282768519,82.80931238615506,0.03138084167653639,0.02855794724173978,0.030565197604718108,0.027996901781587723,0.0009847572243278434,0.0008155563506619928,0.0009342313046154655,0.0007838265093678699,malignant
4.182749092485173,5.28678555846404,4.568413905486097,5.2579589164414315,0.9883271020128239,0.9815033489670559,0.9856353518487388,0.9812509899820048,0.29879426347715704,0.24921529948594145,0.2968255554599705,0.2517165299610575,37.3630600856039,58.506571771377786,45.752824551873054,59.497967646014715,0.026449344831825174,0.023708529315623048,0.02726218912350302,0.02411976858054226,0.0006995678420327971,0.0005620943623097575,0.0007432269558056463,0.0005817632363789136,malignant
10.59612306597846,12.89317240136835,10.588591800355955,12.71364209767459,0.922171602193123,0.8861540550465886,0.9219294644490464,0.8877707030885478,0.15310110264837132,0.12526909414212292,0.16419714874931662,0.13528347060975124,204.18317624042905,299.67465321561923,203.9860962566712,292.98504234995744,0.02112605988551006,0.018988714924258222,0.022176937600471666,0.019925522064781934,0.0004463104062861574,0.000360571294474747,0.0004918165613352139,0.00039702642955411166,malignant
5.095031972454301,6.197106332375087,5.765921842700815,6.964480603234166,0.9762930995465038,0.9653757250224327,0.969992612474561,0.9555017944448304,0.2038168039019122,0.16066981247973353,0.1828876677641171,0.1637829798659163,47.00452533201929,68.24090773956729,59.812776848112314,88.09812481396649,0.022923690359502466,0.02079681578271198,0.021512132889406677,0.01992949305790843,0.0005254955796983462,0.00043250754670005805,0.0004627718614514925,0.0003971846935452204,benign
7.143854748603326,7.767595654227707,7.66604823747682,9.725684608121014,0.9545837361341013,0.9464165300989885,0.9476960699385151,0.917852056188353,0.17663323261577088,0.18671004887628653,0.17154631684076802,0.11352869209311656,93.06191806331421,108.480869154464,107.26530612244912,167.34324834749754,0.02772658085535973,0.030541703442020767,0.026863657489394645,0.024900815839649506,0.0007687632859288007,0.0009327956491403432,0.000721656093707509,0.0006200506294801397,benign
7.230873261205359,8.594284603421308,6.97488893181366,8.516812439261221,0.9337321247765865,0.908394444166503,0.9380311532419547,0.907892634333024,0.2158997579933313,0.17016736129860746,0.23872023652853036,0.18569352621710147,92.53187789798888,126.33417573872129,85.26926791577966,126.01768707482756,0.02886213834496747,0.025721275559510513,0.03331163642718821,0.02735937548525541,0.0008330230298440416,0.0006615840164082729,0.0011096651214571724,0.0007485354269431948,benign
5.976405140993645,7.679206103920943,6.055092381249902,7.077620602103459,0.9793066588572821,0.9656326113427446,0.9776318828108693,0.9696504863014996,0.2227267528084098,0.16710382695042544,0.21194097934456996,0.18804644338628299,68.9788989065793,113.98744446590429,74.48160784219574,100.69952847297535,0.019751857110984577,0.016819412284524802,0.01918234489005346,0.0178184076429184,0.000390135859332752,0.00028289262959682387,0.00036796235548096004,0.00031749565092921287,benign
4.866153846153833,6.7929240374610265,5.144398766700919,5.587869362363925,0.9423150808296383,0.8874548777427002,0.9358668487590316,0.9269002719276075,0.21623666942748485,0.13899043958959462,0.17745696048885787,0.16136451682896116,40.81076923076942,79.21123829344454,45.29239465570391,51.77449455676528,0.03676425957883591,0.03122398475452006,0.03408852240074533,0.03236182277866985,0.001351610782380028,0.0009749372239505011,0.0011620273594661159,0.0010472875735580349,benign
5.089966813656257,5.937437254722639,4.963923849334195,6.3095129306402,0.986126262966275,0.9813885009681275,0.9872582652130562,0.9794424381902367,0.22518118048783123,0.18938517900082472,0.2198709989106489,0.18235371048870605,47.49893167249902,63.753901615402356,43.86555500022613,70.00593987023319,0.0217367021980873,0.01946705766784728,0.021485660012497017,0.01937427364596434,0.0004724842224483332,0.0003789663342432916,0.00046163358617261335,0.00037536247930870824,benign
4.320285908781489,6.323953328757754,4.595302927161341,4.740562800274549,0.9651370783569917,0.9245300381485931,0.9620165542884996,0.9600262519527812,0.28526240435751754,0.19750279660653372,0.2556939509614919,0.24319936932541442,38.98400272294094,81.17707618393973,42.314840027229614,45.17501715854502,0.04243211456082107,0.0350000671267074,0.03905115626596383,0.03876995919548873,0.0018004843461026433,0.001225004698874024,0.001524992805708726,0.0015031097360198612,benign
2.4310099573257506,2.993553008596006,2.4286391654812722,3.1623686723973456,0.9690660815641121,0.9550172059474259,0.9749106589437616,0.950795870136235,0.4083067717250079,0.35506823977489826,0.38785685628921845,0.33471309126069415,15.907539118065449,22.98018147086919,13.397818871503086,24.79847182425987,0.0662140983428726,0.06034270649067064,0.06321728789580701,0.05916310879578516,0.004384306819359604,0.003641242226619224,0.003996425488901348,0.003500273442381911,malignant
2.9225563909774483,3.6818873668188865,3.4368421052631675,4.225266362252686,0.9354615554497976,0.8996508568114918,0.9125570532447342,0.864848963108714,0.3545792548857761,0.29209789340961495,0.31385596361763785,0.26959907528918026,18.167669172932325,28.07305936073074,24.044360902255633,36.09132420091346,0.07458972525016452,0.06825173079584633,0.06890886175556135,0.06401521411361107,0.005563627112895032,0.004658298756628679,0.004748431228447065,0.00409794763801147,benign
1.4387990762124734,1.8556338028169015,1.7009237875288705,2.11267605633803,0.9401361538281848,0.8892913633729278,0.9003630029221015,0.8416755926932651,0.534132823781104,0.46859191088605534,0.49038682598257777,0.43032265051121016,5.515011547344112,9.588028169014093,8.42378752886837,13.115023474178424,0.12179027134813136,0.1117861473557341,0.11549076082583003,0.10535631262916123,0.014832870195051466,0.012496142740637898,0.013338115836129077,0.01109995261081356,malignant
6.209065679925993,9.129213483146007,7.228993536472799,7.753975678203913,0.9488276389126326,0.881250285912072,0.928246606178911,0.9200727146177166,0.207367437889729,0.12028755614926973,0.15182922563258483,0.15501549707663864,70.21461609620701,154.23220973782878,93.9769159741458,106.9307764265675,0.03988004032340413,0.03205476173899573,0.03351558894345618,0.03312615754841138,0.0015904176161963394,0.0010275077501437843,0.001123294702226722,0.0010973423139221724,benign
5.7989512781295725,7.963465507398795,6.0399807742723155,6.792837417261705,0.9788913067895187,0.9604842264047684,0.9772564466594276,0.97199286824301,0.21028880817427567,0.14556001313077296,0.1892298838822779,0.16819701450012245,64.14039764037399,119.96882272866468,69.17211395612817,84.96344189715836,0.0202720637741987,0.016893662593799468,0.01924686816838474,0.018193573707460425,0.0004109565696651793,0.00028539583583313933,0.00037044193429118175,0.0003310061242487953,malignant
9.304780876494124,12.886178861788723,9.51394422310765,9.794715447154521,0.9163616841869962,0.8365430839270036,0.9080703759784923,0.9035555432424639,0.11390748773132009,0.08140676144122022,0.15018292797176933,0.12006781392883582,156.42031872510046,300.5284552845537,169.10756972111568,179.88821138211495,0.03737383075556522,0.03666995640786325,0.04023707146757805,0.03810636841311523,0.0013968032253456328,0.0013446857029545906,0.0016190219202869836,0.0014520953136360664,malignant
0.0,0.0,0.0,0.0,1.0,1.0,1.0,1.0,0.0,0.0,0.0,0.0,0.0,0.0,0.0,0.0,0.0,0.0,0.0,0.0,0.0,0.0,0.0,0.0,benign
7.92139130434747,10.040490797545353,7.124281984333839,8.800944551337585,0.9483355914439094,0.911384362265617,0.9558988582966224,0.9365138449024117,0.14984674509626475,0.11349381225171012,0.1850213819347469,0.14233051131311727,117.40730434782013,199.34811568798253,100.19721496953328,143.2886129088609,0.021617748081982704,0.019542883819488807,0.0229755122819013,0.0208092324306366,0.00046732703213606683,0.0003819243079820374,0.0005278741646157976,0.00043302415435225803,malignant
0.0,0.0,0.0,0.0,1.0,1.0,1.0,1.0,0.0,0.0,0.0,0.0,0.0,0.0,0.0,0.0,0.0,0.0,0.0,0.0,0.0,0.0,0.0,0.0,benign
7.533333333333338,7.586206896551752,7.666666666666674,10.482758620689705,0.7853626727346674,0.7772414652007102,0.7849132103110208,0.6373538116362191,0.16319840294270327,0.15622822998286065,0.13193718705651367,0.10769195724460155,110.8555555555556,117.09195402298866,111.26666666666671,182.36781609195475,0.06770032003863301,0.061362518689835506,0.06297657804863666,0.06000176154546332,0.004583333333333334,0.003765358699960412,0.003966049382716024,0.0036002113885586413,benign
6.175097276264571,9.027494108405353,7.22801556420231,7.749803613511399,0.9224311540296921,0.8301150675936964,0.890999740412831,0.8734695322905985,0.20661060233782141,0.12791286035096638,0.15875723565327662,0.15876414660080881,84.34863813229599,183.10840534171348,118.1517509727634,137.3727415553814,0.03049451866598721,0.025782786225099608,0.02752901101264931,0.027281469275431465,0.0009299156686702425,0.0006647520655291861,0.0007578464473345671,0.0007442785658263111,benign
8.540869565217386,10.911711711711778,10.364912280701727,11.974311926605571,0.8919332427964622,0.8417308532614889,0.8620998417085393,0.8021086279093527,0.13810526146512367,0.1533421238307987,0.1293960073461904,0.07094735658872602,155.29565217391297,224.44324324324384,196.89122807017475,278.97247706422127,0.03629328131253775,0.04188947004527129,0.035889951834173164,0.03574451328216172,0.001317202268431002,0.001754727700673681,0.0012880886426592695,0.001277670229778636,benign
14.313131313131334,18.968421052631616,13.343434343434355,16.800000000000026,0.6222328380554645,0.41336326526449774,0.6825495401169587,0.5372651402519302,0.1181035260125758,0.04239548883204555,0.07011460896941674,0.049328491219732096,387.4040404040408,586.4000000000011,320.5959595959597,474.94736842105374,0.07525083043308751,0.07699336230698849,0.07388251938549384,0.07405919620773847,0.005662687480869291,0.005927977839335196,0.0054586266707478725,0.005484764542936304,benign
14.313131313131334,18.968421052631616,13.343434343434355,16.800000000000026,0.6222328380554645,0.41336326526449774,0.6825495401169587,0.5372651402519302,0.1181035260125758,0.04239548883204555,0.07011460896941674,0.049328491219732096,387.4040404040408,586.4000000000011,320.5959595959597,474.94736842105374,0.07525083043308751,0.07699336230698849,0.07388251938549384,0.07405919620773847,0.005662687480869291,0.005927977839335196,0.0054586266707478725,0.005484764542936304,benign
3.1666666666666616,3.465517241379318,3.4111111111111074,4.201149425287364,0.7506983005216223,0.686754861707634,0.6739587860725343,0.4731976836848529,0.29995442002774086,0.29740564375827655,0.31151743931988995,0.27746863387022414,20.577777777777793,24.396551724137986,26.25555555555558,42.74137931034492,0.09009597077903823,0.08940430566726479,0.09026709338484415,0.08658919065126079,0.008117283950617312,0.007993129871845714,0.008148148148148175,0.007497687937640388,benign
3.1666666666666616,3.465517241379318,3.4111111111111074,4.201149425287364,0.7506983005216223,0.686754861707634,0.6739587860725343,0.4731976836848529,0.29995442002774086,0.29740564375827655,0.31151743931988995,0.27746863387022414,20.577777777777793,24.396551724137986,26.25555555555558,42.74137931034492,0.09009597077903823,0.08940430566726479,0.09026709338484415,0.08658919065126079,0.008117283950617312,0.007993129871845714,0.008148148148148175,0.007497687937640388,benign
3.1666666666666616,3.465517241379318,3.4111111111111074,4.201149425287364,0.7506983005216223,0.686754861707634,0.6739587860725343,0.4731976836848529,0.29995442002774086,0.29740564375827655,0.31151743931988995,0.27746863387022414,20.577777777777793,24.396551724137986,26.25555555555558,42.74137931034492,0.09009597077903823,0.08940430566726479,0.09026709338484415,0.08658919065126079,0.008117283950617312,0.007993129871845714,0.008148148148148175,0.007497687937640388,benign
7.90598290598289,10.43859649122813,8.02564102564101,10.486842105263207,0.9028777004847156,0.8642973865450144,0.9159606044227484,0.8333905291466162,0.17635827479142457,0.13101108838168135,0.15420409650792619,0.13108829968818156,130.3589743589746,195.71052631579005,115.62393162393177,214.27631578947418,0.059676239503286176,0.06101064799668247,0.06073790770748683,0.06132513795662102,0.0035612535612535735,0.0037222991689750944,0.0036890934326831875,0.0037607725453986003,benign
10.611983570911136,14.36946792640486,10.933689579791027,11.513128834355955,0.9262984974153302,0.865059765661882,0.919401973315717,0.9097186891547991,0.15355699754743832,0.10743396234403842,0.16409424591446525,0.15646170469724321,198.47571877265202,363.41869716558926,217.28102987612266,243.07975460123114,0.023222303953033645,0.01979714494022282,0.0251499300226018,0.02529929245062022,0.0005392754008870821,0.0003919269477841899,0.0006325189801417674,0.0006400541985020092,malignant
6.340753424657526,7.545296167247443,6.624999999999986,8.029616724738718,0.9340308163126423,0.9021048162603217,0.9246507843669393,0.8846584925355994,0.2044399545708358,0.16758947220478423,0.20704970556119803,0.1920330984289098,67.72089041095904,101.3780487804882,75.3476027397261,112.37108013937329,0.05322010365726058,0.04775871136541065,0.054673989866745355,0.054189306672459324,0.002832379433289561,0.002280894511284604,0.002989245167948974,0.0029364809576418443,benign
4.292147806004613,5.200704225352126,5.237875288683586,6.414319248826315,0.9362189803204432,0.9077510641469022,0.9137633392182698,0.8674800109825801,0.3151090260347859,0.2897872719556015,0.28597956738507113,0.22300913864003616,42.93418013856807,63.196009389671744,58.57043879907613,86.26408450704236,0.0765790052267403,0.07106514320760869,0.07274368547465061,0.06547570742244788,0.0058643440415171175,0.005050254579117931,0.005291643776434895,0.004287068262469996,malignant
5.63141361256544,7.1105820105820055,5.883769633507826,6.98148148148147,0.9560960256794707,0.9359284377875746,0.9553621840364821,0.9337135453155134,0.22766636784680216,0.14744129023532976,0.1778032994210681,0.172072861996312,67.40523560209431,99.13703703703756,69.57696335078542,101.69365079365151,0.039284463837285885,0.03429983705473588,0.037607151629407476,0.03547539148988304,0.0015432690989830222,0.0011764788219814325,0.0014142978536772456,0.001258503401360466,malignant
5.63141361256544,7.1105820105820055,5.883769633507826,6.98148148148147,0.9560960256794707,0.9359284377875746,0.9553621840364821,0.9337135453155134,0.22766636784680216,0.14744129023532976,0.1778032994210681,0.172072861996312,67.40523560209431,99.13703703703756,69.57696335078542,101.69365079365151,0.039284463837285885,0.03429983705473588,0.037607151629407476,0.03547539148988304,0.0015432690989830222,0.0011764788219814325,0.0014142978536772456,0.001258503401360466,malignant
2.3455790784557733,2.608312342569273,2.5087173100871563,3.2059193954659926,0.982623599745828,0.9773972729564872,0.9770752925361839,0.9631250933554102,0.3483822550546959,0.34956672412372514,0.3836377375726346,0.2931740996804158,10.34433374844332,13.673803526448413,13.579701120797035,21.276448362720405,0.05902030039154653,0.05791397073258702,0.06028606447053321,0.05475331264303369,0.0034833958583083877,0.0033540280060149457,0.0036344095693452865,0.0029979252453857927,benign
6.739690721649645,8.317773267613815,5.87823090178059,7.456257242178489,0.929228703059278,0.8956191573186756,0.9453584028565978,0.9106628481395959,0.1694988008140744,0.1399434624574799,0.18415379827702874,0.16804961967785614,95.99570446735476,140.48187880545134,74.04709936817896,120.9255504055634,0.026332701243975878,0.023890525461001767,0.028029485360050736,0.02557217209234124,0.0006934111548044888,0.0005707572068027738,0.0007856520495492984,0.0006539359855203162,malignant
3.98005287190564,4.472527472527332,3.9504867203459573,5.105752961082696,0.9888394062946018,0.9860469768433239,0.9889553059296243,0.981860494320166,0.2819354626469041,0.24565624846042536,0.2799618004545514,0.22841924386646392,28.43571256909288,35.38739282695206,28.205984857588152,46.07505438723494,0.03102555803666212,0.028635650269391792,0.030704914893754934,0.027443457901694772,0.0009625852514862893,0.0008200004663509182,0.0009427917986327336,0.0007531433816020932,benign
7.861486486486474,11.013888888888923,9.837837837837851,11.5729166666667,0.8735630003733413,0.7782075136245812,0.81553002119868,0.7283385090685237,0.20607748844257107,0.1633120977623409,0.19267825107453396,0.16850782736899636,140.40878378378383,242.02777777777865,203.49324324324348,292.44791666666754,0.061091693648733424,0.056948678704363875,0.05856397237621515,0.057317965344511314,0.003732195032870696,0.003243152006172868,0.003429738860482091,0.0032853491512346,benign
8.34790330537699,10.703666599879416,8.323723310045944,9.059956105346764,0.8968994447490243,0.8283894512309842,0.8951625363786124,0.8800008341468264,0.12929391030513093,0.09686175249381637,0.174011916774913,0.12790516442613925,120.18924518993109,201.57483470245765,122.08462068286558,140.1627094972038,0.023243169476733404,0.02057175584484622,0.025354148667945494,0.0221204312088478,0.0005402449273241513,0.0004231971385399647,0.0006428328546762822,0.0004893134768653677,malignant
8.34790330537699,10.703666599879416,8.323723310045944,9.059956105346764,0.8968994447490243,0.8283894512309842,0.8951625363786124,0.8800008341468264,0.12929391030513093,0.09686175249381637,0.174011916774913,0.12790516442613925,120.18924518993109,201.57483470245765,122.08462068286558,140.1627094972038,0.023243169476733404,0.02057175584484622,0.025354148667945494,0.0221204312088478,0.0005402449273241513,0.0004231971385399647,0.0006428328546762822,0.0004893134768653677,malignant
10.707269155206356,11.768770764119642,10.027540983606528,13.900930851063906,0.9221067102896616,0.903208500135161,0.9291111134342684,0.870670613536537,0.15566411658724263,0.13409010851226907,0.19665758032778677,0.11299339405009146,216.69155206286828,267.0033222591365,194.50229508196708,353.44747340425687,0.029809578720998202,0.028544374118286663,0.0324010079438175,0.02739006638835926,0.0008886109835233889,0.0008147812938047134,0.0010498253157753248,0.0007502157367587276,benign
7.295659647614989,9.221304347826134,7.456970740103289,8.864031277150264,0.9737636114963121,0.9581068962167901,0.9721750887240636,0.9607955466853483,0.17935896640360305,0.16820264022141154,0.19703217206004342,0.14846438566934148,96.66222604211356,155.29173913043522,102.57228915662698,143.40964378801073,0.029201628308714207,0.028540423360480842,0.03062039048994348,0.026940107269702206,0.0008527350958802989,0.0008145557655954805,0.0009376083137566211,0.0007257693797030617,malignant
8.240435835351068,9.211425781250004,8.375848690591592,10.6340092841436,0.930559763379492,0.9134811928532273,0.9266930318529352,0.8873322064305024,0.1914334715363929,0.17635509285988452,0.19437839827307682,0.13887245200229104,122.42397094430868,152.83984375000006,129.1571290009695,198.76398729538334,0.030473864837873402,0.02928313886968335,0.029566030058970953,0.025440930071700372,0.0009286564381569769,0.0008575022220611598,0.000874150133447974,0.0006472409229131482,malignant
4.759045226130626,5.514423076923109,4.554773869346721,6.2462044534413454,0.9845825994224263,0.9795559454767521,0.9853495584749894,0.9734414668247995,0.22717664266382448,0.19023705669943172,0.24203934026354915,0.18000369127753538,40.238944723618,53.31806680161968,38.54824120603008,68.92231781376545,0.029460267752964602,0.026800966767069462,0.029225220828704747,0.02615410369353402,0.000867907376076366,0.0007182918196495618,0.0008541135324865578,0.0006840371400121299,malignant
5.037585421412119,6.395384321952836,5.270710900473671,6.113972341439891,0.977707426008162,0.963028081286264,0.9751664745033389,0.966608591362822,0.2317251442768971,0.19774117838350183,0.22599787172968736,0.19157010174562925,52.17786636294407,86.17661644096464,58.05023696682253,77.26151645207115,0.025167524956809604,0.02277123657234986,0.02445534369098295,0.02245706353926927,0.0006334043124516342,0.0005185292150339238,0.0005980638350440995,0.0005043197028067772,malignant
5.334291628334675,7.771994899733154,5.975175267210407,5.874116965836587,0.980935664908185,0.9591118534740424,0.975648850200075,0.9768142068256112,0.2358783494763589,0.17226998019994444,0.2231811850539814,0.21914975055560038,52.79427322906917,111.5056218847754,67.14101827375875,63.87874927619971,0.026282801858645254,0.02235825670263612,0.02618409215473277,0.025277414523671354,0.0006907856735408064,0.000499891642780973,0.0006856066819675382,0.0006389476850015115,malignant
6.271379310344516,7.536085173225987,6.427684881916686,7.387482541899055,0.9554597127140873,0.9364596214258506,0.9529418928836757,0.9389214801823733,0.17515753350320834,0.1453452680114787,0.20059020410748737,0.1454058544407986,69.56620689654875,98.52220961689092,74.02844337182903,95.67239874301299,0.023459920409841937,0.021023716891855268,0.024215667429612016,0.021623039825428406,0.0005503678656361183,0.0004419966719488806,0.0005863985490615723,0.00046755585129206286,malignant
3.2182669441140708,4.286417910447691,3.0853558969790833,3.400865607044202,0.9842001881842166,0.9726971700609854,0.9856152303930673,0.9829156084496202,0.3190751892788296,0.25414445080276116,0.3318228731015834,0.29834379316395604,23.070377526753298,39.467164179104046,20.85407852742491,24.60182075964434,0.033190357392356505,0.02922325552363029,0.03434570382482025,0.03226462999618313,0.0011015998238323539,0.0008539986633993881,0.0011796273712222723,0.0010410063487906003,malignant
7.079119892231719,7.179301828257767,7.592151913947411,10.310479801840103,0.974756840017434,0.9737332250510818,0.97135000108994,0.9480623831542428,0.19319634232205127,0.18017752639239032,0.16974973031214177,0.1179152869754258,92.23116299955039,95.91915906146849,104.63235382488983,188.95406868290644,0.018523751176440038,0.01782385480007827,0.01726307985623133,0.014778102500674174,0.0003431293576466637,0.00031768979993427324,0.00029801392612261986,0.00021839231352043228,malignant
5.5952614059133206,6.899389643630423,5.215789473684145,6.909090909090742,0.9397698608228802,0.9236203798688222,0.9741773329421892,0.9251644229813227,0.20344382386068136,0.17000787066002812,0.20599841355831106,0.16960974208734608,111.80242803994139,138.88009450678834,47.584990253410645,136.37704594754243,0.02535829766299051,0.023506618791867957,0.02598412029751528,0.023025975290743378,0.00064304326036483,0.0005525611270261998,0.0006751745076357456,0.0005301955380899246,benign
1.8832236842105285,2.185833333333339,2.1069078947368443,2.695000000000008,0.930152848183215,0.9124612646087906,0.9120343808460283,0.8589301444963486,0.47393817859234627,0.412598263310006,0.42644651692977464,0.3733806606842708,9.588815789473689,11.599166666666688,11.363486842105269,17.8433333333334,0.0967987368478144,0.09180482013489276,0.09332522941925467,0.0836037279870543,0.00936999545533242,0.008428125000000012,0.008709598446156517,0.006989583333333367,benign
7.322015801836326,9.561626156162838,8.48067478112307,10.055245055889765,0.972195439121358,0.9506904214099239,0.9599376671930133,0.9452965533049794,0.20383180548558602,0.14893400868424803,0.1697566697672855,0.15306424804207114,102.78688874652799,181.83050118304837,147.62780269058075,202.4778589853787,0.025480948331908133,0.022332624421330303,0.024136916713458918,0.02241789823642917,0.0006492787278933719,0.0004987461135441987,0.0005825907484324525,0.0005025621613388941,benign
4.357352667781999,5.806963912913623,4.762016281922521,5.116846305896195,0.9855178375528544,0.9754928748733274,0.9829640969985578,0.9803823145822734,0.30412243240555675,0.2329413218356836,0.28563093541923273,0.25845668397942795,35.88997955010164,60.82359081419448,42.4636630608521,48.49826576660404,0.029162538116440335,0.025170658901463475,0.027872308517382267,0.025539522211453586,0.0008504536293928353,0.0006335620695338224,0.0007768655820881401,0.000652267194789331,benign
