mean,std,variance,skewness,kurtosis,dissimilarity_ang_0_dist_1,dissimilarity_ang_45_dist_1,dissimilarity_ang_90_dist_1,dissimilarity_ang_135_dist_1,correlation_ang_0_dist_1,correlation_ang_45_dist_1,correlation_ang_90_dist_1,correlation_ang_135_dist_1,homogeneity_ang_0_dist_1,homogeneity_ang_45_dist_1,homogeneity_ang_90_dist_1,homogeneity_ang_135_dist_1,contrast_ang_0_dist_1,contrast_ang_45_dist_1,contrast_ang_90_dist_1,contrast_ang_135_dist_1,ASM_ang_0_dist_1,ASM_ang_45_dist_1,ASM_ang_90_dist_1,ASM_ang_135_dist_1,energy_ang_0_dist_1,energy_ang_45_dist_1,energy_ang_90_dist_1,energy_ang_135_dist_1,pathology,image_path
14.322021484375,2015.9048013091087,44.89882850709034,3.1590120394170365,8.732031425848207,0.2671752810361726,0.36895489757093225,0.2809006140029352,0.3284381034830463,0.9980166857349656,0.9960122294195746,0.9967276081794457,0.9963717859991638,0.9326305338678954,0.9255358850589084,0.9349649868794825,0.9299231723784335,8.00336594269314,16.106173837514323,13.20524422653977,14.653963721979958,0.7812010896169097,0.7807299553407024,0.7811984990226132,0.7807176934957282,0.8838558081592889,0.8835892458267599,0.8838543426507635,0.8835823071427631,benign,D:/mathe/Documents/BancoDados_IC/Mamografia/MIAS/all-roi/mdb001.png
0.4499397277832031,20.642355190459057,4.543385872943113,11.836356689586646,152.10071990391913,0.026923723118279907,0.031118105661668644,0.021602746212121483,0.03178316128841179,0.9822317719143004,0.9794772503685044,0.98769902563372,0.9782220217712295,0.9933416906361311,0.993069519695487,0.9946737897727388,0.9929878006716192,0.7342661748533751,0.8489167524263602,0.5083337151759546,0.9008388682970138,0.9716127563457461,0.9714797051987757,0.9717090377087768,0.9714665058944401,0.9857041931257805,0.9856367004118585,0.9857530307885322,0.9856300045627873,benign,D:/mathe/Documents/BancoDados_IC/Mamografia/MIAS/all-roi/mdb002.png
0.29686450958251953,33.21809342492543,5.763513982365743,19.652562304816232,389.3093105631967,0.01711418621700893,0.023210059157462767,0.017486482771261188,0.02313743814074945,0.9789192890824667,0.9701894101768657,0.978157251276627,0.9699485363574739,0.9983209983865362,0.998138454663946,0.9983233158935343,0.9981568782651289,1.401887448069397,1.9843654595333773,1.4525636913489648,2.000399415591927,0.9945052385581498,0.9944541316738652,0.9945052379767566,0.9944541328905122,0.9972488348241625,0.9972232105571276,0.997248834532664,0.997223211167145,benign,D:/mathe/Documents/BancoDados_IC/Mamografia/MIAS/all-roi/mdb005.png
0.29686450958251953,33.21809342492543,5.763513982365743,19.652562304816232,389.3093105631967,0.01711418621700893,0.023210059157462767,0.017486482771261188,0.02313743814074945,0.9789192890824667,0.9701894101768657,0.978157251276627,0.9699485363574739,0.9983209983865362,0.998138454663946,0.9983233158935343,0.9981568782651289,1.401887448069397,1.9843654595333773,1.4525636913489648,2.000399415591927,0.9945052385581498,0.9944541316738652,0.9945052379767566,0.9944541328905122,0.9972488348241625,0.9972232105571276,0.997248834532664,0.997223211167145,benign,D:/mathe/Documents/BancoDados_IC/Mamografia/MIAS/all-roi/mdb005.png
0.5086870193481445,80.28855406755474,8.960388053402305,17.76104408229792,316.9354257989836,0.026452147482893835,0.035389368092045896,0.025852654569892913,0.03535687974246379,0.982192353628875,0.9739956303077514,0.9807750203578369,0.9741933422886221,0.9977333088193912,0.9976108172485452,0.9979012848420346,0.9975949161914053,2.8622865499755443,4.183847748127373,3.0900995845552197,4.15203783172755,0.9933746044759393,0.9933186145680132,0.993374607648085,0.993318614219227,0.996681797002403,0.9966537084504392,0.9966817985937563,0.9966537082754606,benign,D:/mathe/Documents/BancoDados_IC/Mamografia/MIAS/all-roi/mdb010.png
0.6493415832519531,88.20740099471004,9.391879524073445,14.501585745109,209.86705941801912,0.02958325696480968,0.03898410841935625,0.02926250916422326,0.039450411789831434,0.9848522783930577,0.9785086919158283,0.9843830256362255,0.9783104354288266,0.9968789230250634,0.9966864793660375,0.9969832872163595,0.9966624263615955,2.6748820106304843,3.7987652516079495,2.757745677541534,3.833808714330912,0.9902753805442838,0.9902050363506919,0.9902753841552069,0.9902050344652282,0.9951258114149606,0.9950904664153365,0.9951258132292654,0.9950904654679534,benign,D:/mathe/Documents/BancoDados_IC/Mamografia/MIAS/all-roi/mdb012.png
0.4897184371948242,83.6700183434208,9.147131700343053,18.65010965790268,346.3003110318864,0.024945778347996255,0.03436502954050996,0.025652187194526093,0.033992369060007216,0.9784530369488627,0.970650779805898,0.9790362877493738,0.9703371609439453,0.9983623146104292,0.9980592620227782,0.9981883222641519,0.9981258281536451,3.6091840786901264,4.920878446751111,3.5114877352150478,4.973461796089744,0.9941587862029748,0.9941073376733762,0.9941587761666631,0.9941073416693683,0.9970751156271903,0.9970493155673776,0.9970751105943139,0.9970493175712866,benign,D:/mathe/Documents/BancoDados_IC/Mamografia/MIAS/all-roi/mdb013.png
0.014185905456542969,0.02458761659272568,0.15680438958372844,12.646109145519308,179.61179430890033,0.00640350073313783,0.006495758837069973,0.003919614491691107,0.006566468774396125,0.8491958179957043,0.8481085632290793,0.9133108675978392,0.8420965170851846,0.9968965898309468,0.9968479836656368,0.9980742303089463,0.9968342340419112,0.007423020527859238,0.0074837868802489,0.004267091275659826,0.007780004185263859,0.9783207044216704,0.9782315285595524,0.9794156700183464,0.9782673064521514,0.9891009576487481,0.9890558773697027,0.9896543184457623,0.9890739640957856,benign,D:/mathe/Documents/BancoDados_IC/Mamografia/MIAS/all-roi/mdb015.png
1.3160276412963867,250.56509597421126,15.82924811777904,11.969270788470654,141.5491371937388,0.04582493279569927,0.06171830880940788,0.04596812377810399,0.06197248236790439,0.9870441130078863,0.9817656552030836,0.9866874529445931,0.9816335819545459,0.9959180172213264,0.9955544158808509,0.9959829373116276,0.9955759661453767,6.498888837976594,9.155530329307636,6.677795469819206,9.221844784043244,0.9860925719610373,0.9860068786221089,0.9860925750962763,0.9860068757409605,0.9930219393150572,0.9929787906204789,0.9930219408936927,0.9929787891697186,benign,D:/mathe/Documents/BancoDados_IC/Mamografia/MIAS/all-roi/mdb017.png
1.2942485809326172,232.4604377311152,15.246653328882218,11.731568635216421,136.0521514857148,0.04494096713098779,0.06413200207543297,0.04758331805962894,0.06127876055035343,0.9878060051997432,0.9818386742367692,0.9869810804535627,0.9826036373739462,0.9956781023675425,0.9949985457838849,0.9953849834573973,0.9951872769256291,5.674744547287449,8.459975786624167,6.058641480327533,8.10363783516749,0.9854973195821215,0.9854072582066544,0.9854972977598533,0.9854072742718758,0.9927221764331254,0.9926768145809866,0.9927221654419999,0.9926768226728555,benign,D:/mathe/Documents/BancoDados_IC/Mamografia/MIAS/all-roi/mdb019.png
0.32270050048828125,21.07653226418188,4.590918455405397,16.847583822806868,309.2045223705284,0.021287726050831252,0.024610880348275646,0.017755681818182146,0.02732270199870309,0.9797975941870319,0.9780323939636919,0.9852002959024003,0.973174685490277,0.9958505957976946,0.9957331122788123,0.9965725841700692,0.9955012397197666,0.852421645894427,0.9278041984503193,0.6244596926930569,1.132970037141845,0.985497238246844,0.9854072260885482,0.9854972919705266,0.9854072201212734,0.9927221354673441,0.9926767984034623,0.9927221625261151,0.992676795397814,benign,D:/mathe/Documents/BancoDados_IC/Mamografia/MIAS/all-roi/mdb021.png
0.47409725189208984,89.55522580667343,9.463362288672744,19.940396934691407,396.22120446224915,0.025719009652981607,0.03654366004191036,0.026482694892473322,0.035205904470874974,0.9771245329099528,0.9672472283919874,0.9766985821937771,0.9679502900008802,0.998450963561708,0.9981743649062054,0.9983461525092707,0.9982776846539296,4.101230296920824,5.877809406141642,4.177596911656898,5.751638033919737,0.9948746513372277,0.9948238911737872,0.9948746480211035,0.9948238954057967,0.9974340335767713,0.9974085878785018,0.9974340319144437,0.9974085900000044,malignant,D:/mathe/Documents/BancoDados_IC/Mamografia/MIAS/all-roi/mdb023.png
2.4699697494506836,321.847545983734,17.940109976913018,7.154419560889072,49.41308087195113,0.08128665689149578,0.10761670245162941,0.0847289681085046,0.108002740487842,0.9904516376882373,0.9872097860110576,0.9911292990161847,0.9868651085277025,0.9878664485967205,0.9866692950951237,0.9873008283093515,0.9867133118663792,6.152128008919894,8.24879578110116,5.715502428519117,8.471088713260711,0.962676271887144,0.9625198292229845,0.9626761040027453,0.9625198314490134,0.9811606758768637,0.9810809493731822,0.9811605903228815,0.9810809505076599,benign,D:/mathe/Documents/BancoDados_IC/Mamografia/MIAS/all-roi/mdb025.png
1.1685266494750977,146.06792845744192,12.085856546287562,10.408619895668071,108.26655428160146,0.04481495906647162,0.05928741582889836,0.04449612047898374,0.05872555848906347,0.9868010864590907,0.9810005219906087,0.9874902002862018,0.9828849958303447,0.9942632172413779,0.9938556569811418,0.9942456361113006,0.9936633170094981,3.859609833211127,5.561183684350829,3.658100027492656,5.009594574063387,0.9810787850721489,0.9809732688503628,0.9810787707911244,0.9809732380566334,0.9904942125384423,0.9904409466749458,0.9904942053294024,0.9904409311294811,malignant,D:/mathe/Documents/BancoDados_IC/Mamografia/MIAS/all-roi/mdb028.png
1.0670671463012695,205.3395810155259,14.329674839839385,13.370131799358255,176.9724181107769,0.04141846896383213,0.055058197145038866,0.04259072580645194,0.05789806111440832,0.9843196222886985,0.9784565521069333,0.9843252002150621,0.9781105701743231,0.9967618962925098,0.9964869096260722,0.9965592359412663,0.9961941373506291,6.445864262585579,8.864654491179895,6.443571297654004,9.007018439049464,0.9888131078713708,0.988737570950452,0.9888130895210526,0.988737545307274,0.9943908224995697,0.9943528402687106,0.9943908132726552,0.9943528273743047,benign,D:/mathe/Documents/BancoDados_IC/Mamografia/MIAS/all-roi/mdb030.png
1.6411666870117188,222.187618200609,14.905959150642035,9.57059134849605,94.00563898232109,0.0567933620478994,0.07143041425512488,0.06027194831378457,0.08226050114235062,0.9894368109582744,0.9852715019809848,0.9891444011777059,0.9847009559802462,0.9918849508705746,0.9915036747582266,0.9913842743533542,0.9904673615340668,4.698552434628549,6.55762621007156,4.828617576979452,6.811652615455592,0.9738152644260742,0.9736879924340652,0.9738152448409795,0.9736879520044285,0.9868207863771792,0.9867562984010111,0.98682077645385,0.9867562779148803,benign,D:/mathe/Documents/BancoDados_IC/Mamografia/MIAS/all-roi/mdb032.png
0.3165626525878906,45.83579463300702,6.770213780450882,21.353857234240735,454.28969448406906,0.019095949413489847,0.0258492597911765,0.019147498167155552,0.025654329693682792,0.9757811185907179,0.9658400963702993,0.9757338257190387,0.9663629822923224,0.9986019680872906,0.9985006264079115,0.9986263118327345,0.9985132982151053,2.222348866691104,3.1376044046557725,2.2266885080645133,3.0895770685762165,0.9955298598974962,0.9954835405829943,0.9955298595667045,0.9954835405350588,0.9977624265813462,0.997739214716448,0.9977624264155794,0.997739214692426,malignant,D:/mathe/Documents/BancoDados_IC/Mamografia/MIAS/all-roi/mdb058.png
0.5537710189819336,94.39566061843513,9.715742926736747,17.558537340831297,307.5772701906786,0.027803870356794002,0.03738262389288833,0.027569037145650295,0.037332935828821245,0.9804890164764237,0.9726905111581116,0.9802505154591651,0.9728970470074135,0.9979583968955203,0.9977814942190195,0.9980113924141991,0.9977873560089334,3.687093337609966,5.1658463358397215,3.7321641312316665,5.126778139927317,0.9933746257282116,0.9933186320397915,0.9933746272541384,0.9933186323315125,0.9966818076639161,0.9966537172156594,0.9966818084294197,0.9966537173620096,benign,D:/mathe/Documents/BancoDados_IC/Mamografia/MIAS/all-roi/mdb063.png
0.6448879241943359,71.94673133585819,8.4821419073167,13.185120037398768,173.24723345978504,0.028916941593353188,0.039389257249441124,0.030497770039100962,0.039498188774511125,0.9853052157892725,0.9792096481782243,0.9850309624252562,0.9792143803679132,0.9964570403915429,0.9960025632599496,0.9962420129699312,0.9960029356141444,2.116538367546423,2.997413354049432,2.156039986559132,2.996731098708206,0.9882625558299739,0.9881826994174929,0.9882625422078013,0.9881826989938334,0.9941139551530166,0.9940737897246326,0.9941139483016025,0.9940737895115399,benign,D:/mathe/Documents/BancoDados_IC/Mamografia/MIAS/all-roi/mdb069.png
0.34565067291259766,69.72505094953394,8.350152750071937,24.177313223777013,583.8152362037736,0.02413436278103637,0.03206408995832921,0.017765227883675593,0.03252083793186844,0.9747562819768727,0.9638164005515047,0.9788527564285716,0.9645869057658345,0.998957948251884,0.9988366842822718,0.9989419037278833,0.9987488784653846,3.5236742424242458,5.055659231612295,2.951863010141737,4.948002396493543,0.9964596582916714,0.9964199515854516,0.9964939617361855,0.996419949114723,0.9982282596138378,0.9982083708251758,0.9982454416305568,0.9982083695875942,malignant,D:/mathe/Documents/BancoDados_IC/Mamografia/MIAS/all-roi/mdb072.png
0.09954833984375,7.386324640363455,2.7177793582929897,30.435449787833715,995.1942133743285,0.008866385630498649,0.009975834401149113,0.009057306940371572,0.013545730696426275,0.9675867849392064,0.9590790434036807,0.9664614300911719,0.94966561075453,0.9989281720320087,0.9990786168085339,0.9988863187830028,0.998663830666396,0.4792964931573756,0.6056917677388781,0.49593719452589896,0.7450247437003688,0.9967569753773264,0.9967194656954768,0.996756975364568,0.9967194634005045,0.9983771709015218,0.9983583853984884,0.9983771708951322,0.9983583842491155,malignant,D:/mathe/Documents/BancoDados_IC/Mamografia/MIAS/all-roi/mdb075.png
0.17626571655273438,25.906546745434753,5.0898474186791445,28.863398049746795,831.7352640219689,0.01371578690127083,0.018736222312043086,0.013902889784946311,0.018503070626805496,0.9674901681287965,0.9549461575665069,0.9677104519765707,0.9548679316764955,0.9992060677490662,0.9991133335441196,0.999177375164555,0.9991522955470973,1.686079545454541,2.338939484715665,1.674654814271745,2.3430005284134503,0.9975233886849443,0.9974904281279778,0.9975233878693545,0.9974904286958983,0.9987609266911398,0.9987444258307416,0.998760926282839,0.9987444261150589,benign,D:/mathe/Documents/BancoDados_IC/Mamografia/MIAS/all-roi/mdb080.png
8.68174934387207,1485.6972947822012,38.54474406170316,4.4582591886261005,18.80170324604939,0.1535331897605112,0.20635453007036061,0.16344009652981745,0.20633350819710147,0.9961915721744234,0.9942252898062017,0.995484673608857,0.9940761325746739,0.9714405277471999,0.9681465273388111,0.9707316883676315,0.9685761011705156,11.326842008798023,17.190799299398197,13.429265563905533,17.634827128536294,0.8992956588365477,0.8990034191919207,0.8992954478867213,0.8990034590618895,0.9483120050049708,0.9481579083633278,0.9483118937811132,0.94815792938829,benign,D:/mathe/Documents/BancoDados_IC/Mamografia/MIAS/all-roi/mdb081.png
0.6208763122558594,89.3993198100797,9.455121353535326,15.199260388501148,229.55681633669695,0.02768549914467274,0.037847016183976165,0.029031494379276834,0.03811838945695758,0.9833989794106337,0.9775958360667474,0.9829034149342856,0.9757960189421667,0.997455489672348,0.9970388498972946,0.9972789755289304,0.9971771676762355,2.971128879521012,4.013635551427619,3.0598213740224733,4.33606713239671,0.9912560221043173,0.991190386396199,0.9912560096339931,0.9911903951578859,0.9956184118949977,0.9955854490681345,0.9956184056323955,0.9955854534684031,benign,D:/mathe/Documents/BancoDados_IC/Mamografia/MIAS/all-roi/mdb083.png
1.4080133438110352,275.2039999266404,16.589273640718584,11.736501044732208,136.20187973741116,0.05084807245845598,0.0686134832384013,0.05078125000000043,0.06980790785539703,0.9867518615050669,0.9810001338430836,0.9863790129879433,0.98133098452473,0.9954558585149573,0.9951160947415234,0.9955418390925446,0.994940195692172,7.298957951490797,10.47798579876904,7.504375916422369,10.295529316435504,0.9854972822312914,0.9854072544868604,0.9854972909950104,0.9854072403491005,0.9927221576207974,0.9926768127073687,0.9927221620347813,0.9926768055863402,malignant,D:/mathe/Documents/BancoDados_IC/Mamografia/MIAS/all-roi/mdb090.png
0.19700336456298828,32.40388624570096,5.6924411499549965,28.9209229483946,836.1707272486673,0.015151515151515254,0.021052450529321424,0.015174425708699995,0.020244063948538647,0.966829878298236,0.9537069697520405,0.9675249772195376,0.9546735992603013,0.9992127036741218,0.9990862006042172,0.999186105377035,0.9991675454167341,2.151780532135871,3.0060093891330277,2.106688737170083,2.9432418977400503,0.9975233834241599,0.9974904234138707,0.997523383203175,0.9974904245332781,0.9987609240574843,0.9987444234707249,0.9987609239468548,0.9987444240311323,benign,D:/mathe/Documents/BancoDados_IC/Mamografia/MIAS/all-roi/mdb091.png
0.8334217071533203,125.77398468932005,11.214900119453585,13.451293240371173,179.86172871553632,0.0355915505865106,0.047576321344177476,0.03807734604105622,0.05086911112831153,0.9852749412962976,0.9791838861364247,0.9847754298730638,0.9790581375108554,0.996419245219152,0.9961216895406784,0.9961899639088161,0.9958771996580899,3.7076593811094667,5.246436553597638,3.8334326124144393,5.278129894154871,0.9888130255719662,0.9887374955580436,0.98881301291255,0.9887374804583816,0.9943907811177486,0.9943528023584203,0.9943907747523355,0.9943527947657117,malignant,D:/mathe/Documents/BancoDados_IC/Mamografia/MIAS/all-roi/mdb092.png
0.505976676940918,102.11090139786259,10.104993884108124,19.9678850502897,397.5864764421471,0.0259061125366571,0.03573145130235322,0.025795378176930818,0.0357066072703196,0.9785336574542921,0.9708469134893108,0.979212853041261,0.969716957221909,0.9985680079128572,0.9983285067590553,0.998509064168454,0.9984040431844006,4.388169751955046,5.965311998043018,4.24932795698926,6.196523937702612,0.994874661458289,0.9948239004746271,0.9948746579453275,0.9948239033457343,0.9974340386503204,0.9974085925410043,0.9974340368893211,0.9974085939802877,malignant,D:/mathe/Documents/BancoDados_IC/Mamografia/MIAS/all-roi/mdb095.png
0.5192480087280273,77.81029273742598,8.821014269199772,16.949107123398083,285.6176727109292,0.025806833455523162,0.03577349504887135,0.027005819281525133,0.035855671462520694,0.9809415349696217,0.9733796595922473,0.9812248794571984,0.9732706013779298,0.9978244202803415,0.9975417048560871,0.9976674989949008,0.9975426242370773,2.9687786381964765,4.150747853141184,2.924641449780048,4.167752637528434,0.9929598911033802,0.9928996815362338,0.9929598765489758,0.9928996803647843,0.996473728255482,0.996443516480605,0.9964737209525276,0.9964435158927897,benign,D:/mathe/Documents/BancoDados_IC/Mamografia/MIAS/all-roi/mdb097.png
0.23070144653320312,33.76604602286534,5.810855876965573,25.19138044369653,633.7120250933444,0.016161488880743004,0.02159901923405867,0.016199673142717613,0.02179012717277802,0.9709879150214321,0.9604357223191924,0.9715759474445181,0.9603304298958385,0.9989607600253634,0.9988834113417016,0.9989410881233294,0.9988659815092289,1.9611589687194473,2.677076316088706,1.9214091520039045,2.684200820044167,0.9967569859303361,0.9967194734664947,0.996756985219998,0.9967194732551234,0.9983771761866034,0.9983583892903863,0.998377175830857,0.998358389184527,benign,D:/mathe/Documents/BancoDados_IC/Mamografia/MIAS/all-roi/mdb099.png
0.7674102783203125,137.8432199077215,11.740665224241832,15.397216845159692,237.37147605848236,0.033632697947214546,0.045800928593475225,0.03353914650537671,0.0453422695405487,0.9843575228770186,0.9773821443685814,0.9839058923067088,0.9782335751239858,0.997186808136673,0.996969138023379,0.9972573146809043,0.9969187207581036,4.316616263440859,6.247580334610834,4.441245876099714,6.0123952609052935,0.9912559618021453,0.9911903458510378,0.9912559644293489,0.9911903463043712,0.9956183816112202,0.9955854287056625,0.995618382930603,0.9955854289333342,malignant,D:/mathe/Documents/BancoDados_IC/Mamografia/MIAS/all-roi/mdb102.png
0.9906082153320312,130.7890524956747,11.436304144944497,11.51259095433389,131.1814815003225,0.03953980327468255,0.05181318434558492,0.04007438294232682,0.053059208106034775,0.9873339062596791,0.9823339390126896,0.9874965925344311,0.9825917334989654,0.9952082520150518,0.9948809481250499,0.9951365725843415,0.9947244150606768,3.3163871578690003,4.630025541575997,3.273790704423252,4.562461240921172,0.9848871458756353,0.9847965417946961,0.9848871381411984,0.9847965245557435,0.9924148053488698,0.9923691560073278,0.9924148014520936,0.9923691473215718,benign,D:/mathe/Documents/BancoDados_IC/Mamografia/MIAS/all-roi/mdb104.png
3.0211172103881836,388.6596101776215,19.71445181022342,7.325465012675093,56.440894567968115,0.0834287939882712,0.12378252298789967,0.09502917277615053,0.11018328206863179,0.9927655569843408,0.9875685934825343,0.9911985524978703,0.9899273145522267,0.9837223705206558,0.9810309962672267,0.9831695179936621,0.9823908848972405,5.628839427541664,9.681627551649354,6.848064821603294,7.844646445535581,0.9429028733533416,0.942699263598623,0.9429028595812546,0.9426993574689971,0.971031860112397,0.9709270124981707,0.9710318530209268,0.970927060838762,malignant,D:/mathe/Documents/BancoDados_IC/Mamografia/MIAS/all-roi/mdb105.png
7.001410484313965,1287.4744576586709,35.8813943104037,4.9584871892451465,22.73415712088893,0.13591497128543556,0.1944313057736599,0.14649773949169173,0.1807479773613556,0.994400056002279,0.9917996378089889,0.9940196149071576,0.9918830253261798,0.979074577130444,0.9754301134774062,0.9777416314729889,0.9771267802373033,14.43312790200402,21.15523984524089,15.413665383675571,20.940117282942126,0.9271291723341922,0.9268925573548026,0.9271287173748982,0.9268930521271234,0.9628754708342051,0.962752594052492,0.9628752345838469,0.9627528510096054,benign,D:/mathe/Documents/BancoDados_IC/Mamografia/MIAS/all-roi/mdb107.png
0.5879602432250977,82.77077976502045,9.097844786817396,15.684496604067482,248.20210819271958,0.0359657563538616,0.04348087821742265,0.022139235092864498,0.04423957673413846,0.9816294064526819,0.9764130262925149,0.9880124803797748,0.9751294677620709,0.9971117745791611,0.9969057939147984,0.9973620658416957,0.9969190820010897,3.0440570014662605,3.912229856984401,1.9863644000488598,4.12512601179711,0.9913433812643625,0.9912911699583434,0.991434632381282,0.9912911704764987,0.9956622827366529,0.9956360630061285,0.995708106013646,0.9956360632663417,malignant,D:/mathe/Documents/BancoDados_IC/Mamografia/MIAS/all-roi/mdb110.png
6.187326431274414,1088.4953176673976,32.992352411845346,5.196883323977728,25.296556956299813,0.12755643633919891,0.18207808861484198,0.1367702987536663,0.17010899841285032,0.9939155047412996,0.9912217916439432,0.9935587501608666,0.9910847512879312,0.9804520994081761,0.9769825964089863,0.9792099764212513,0.9786541423302273,13.258381445503465,19.146139285198995,14.035765288978476,19.445037834594277,0.9321422421791891,0.9319139568039636,0.9321419499150433,0.9319143143836723,0.9654751380430203,0.9653569064361448,0.9654749866853327,0.9653570916420888,malignant,D:/mathe/Documents/BancoDados_IC/Mamografia/MIAS/all-roi/mdb111.png
7.934125900268555,1522.910468876298,39.02448550431252,4.818337640842533,21.570327518912585,0.13074100378788084,0.17488096364267647,0.13360482343597443,0.17394071258417718,0.9958299976565798,0.9946582665435667,0.995858930108405,0.9938191889971422,0.9786624394171055,0.9759035975958734,0.9784354761678524,0.9767366614840874,12.712982267229009,16.300469456651243,12.624776622067749,18.86094126393077,0.9191992665736843,0.9189452337325759,0.9191992689890184,0.9189452603381236,0.9587488026452415,0.9586163120522078,0.9587488039048697,0.9586163259292654,malignant,D:/mathe/Documents/BancoDados_IC/Mamografia/MIAS/all-roi/mdb115.png
2.323735237121582,274.09711409823524,16.555878535983382,7.417982458950808,55.40849033961196,0.07582057978983536,0.10017113715912611,0.07842092803030457,0.10178599924130516,0.9927566608726525,0.9894154041251271,0.9920790204679207,0.9892940717328043,0.9863762362325638,0.9853130658400406,0.9863809941680701,0.9849115886484929,3.974561644672497,5.813539806350345,4.34639616935483,5.880181055661227,0.9578744797043679,0.9577064760085677,0.957874467721122,0.9577064640785944,0.9787106210235832,0.9786247881637619,0.9787106149016276,0.9786247820684874,malignant,D:/mathe/Documents/BancoDados_IC/Mamografia/MIAS/all-roi/mdb117.png
2.205203056335449,264.26687741581395,16.256287319551593,7.432130493736131,54.43168961157117,0.07023231304985444,0.09258415199196761,0.07349324902248387,0.09222104690840069,0.9923412982114126,0.9882956512840295,0.9918034144852917,0.9894190104223727,0.9881014106450103,0.9873103548865402,0.9879192036203959,0.9869598925961641,4.051766403958933,6.1980203128628295,4.336328888685247,5.603147165534842,0.9626754364018445,0.9625191939651189,0.96267539018888,0.9625191625559886,0.9811602501130203,0.9810806256190767,0.9811602265628586,0.9810806096116611,malignant,D:/mathe/Documents/BancoDados_IC/Mamografia/MIAS/all-roi/mdb120.png
2.1628074645996094,260.91926017844526,16.15299539337659,8.912652416991671,87.7255233979499,0.0736097110215074,0.10016922607974048,0.06859611742424394,0.0851557864139486,0.9890972396038015,0.9835037513942487,0.9908651513731865,0.9881883551164561,0.9868470062616526,0.9854643193612431,0.9874179870002248,0.986501676132763,5.6949421126588655,8.62491340421523,4.771492011852396,6.175610995968552,0.954808859090672,0.9546306657932943,0.9548089019633643,0.9546307070342049,0.9771432131937836,0.9770520281915873,0.9771432351315565,0.977052049296354,benign,D:/mathe/Documents/BancoDados_IC/Mamografia/MIAS/all-roi/mdb121.png
0.5965309143066406,109.2819167526759,10.453799154024143,17.49658613636989,304.647592872568,0.029264418377321827,0.03942174559902329,0.02949352394916934,0.040350530181199405,0.9800362213701199,0.9720150155618021,0.9800527760389103,0.9724905732821331,0.9979860587886176,0.9978426882759801,0.9979483157590465,0.9976689159299847,4.367611345307939,6.128430268057532,4.363989568059646,6.024287907931831,0.993374637065368,0.993318642257797,0.9933746349425567,0.9933186368141589,0.9966818133513664,0.9966537223418157,0.9966818122864272,0.996653719610858,malignant,D:/mathe/Documents/BancoDados_IC/Mamografia/MIAS/all-roi/mdb124.png
1.948770523071289,350.5224552678651,18.722244931307387,9.547014439150102,89.57716559127604,0.06482542155425276,0.08773383250727045,0.06283411229227812,0.08415629189444451,0.988348254794046,0.9840159092695568,0.9890095633194397,0.9842795120512681,0.9930679344846857,0.9923268654783358,0.9931674043444901,0.9926115331153583,8.176294828323686,11.227245494391413,7.712239583333438,11.0420905679632,0.9783348327926216,0.9782229712251707,0.9783348418816672,0.9782230006269452,0.9891080996496903,0.9890515513486497,0.9891081042442567,0.9890515662122704,malignant,D:/mathe/Documents/BancoDados_IC/Mamografia/MIAS/all-roi/mdb125.png
0.14123916625976562,20.36713836620038,4.512996606047957,32.02926266400173,1026.9121859620127,0.014790673875855418,0.018149520940174784,0.009721713098729294,0.018774443899787035,0.9627204344051766,0.9510852260817073,0.9738806110317362,0.9516434180624165,0.9992994691380961,0.9992639232223044,0.9993114134466379,0.9992130382341831,1.5200391006842584,1.9964014375139174,1.064993432306935,1.973619460139187,0.9979448394176389,0.9979199221642627,0.9979810771812967,0.9979199211137921,0.9989718912049722,0.9989594196784285,0.9989900285695031,0.9989594191526461,benign,D:/mathe/Documents/BancoDados_IC/Mamografia/MIAS/all-roi/mdb126.png
1.1600818634033203,199.28241823060304,14.11674247943211,12.301927923459454,151.21015148351978,0.042298616202346505,0.05824587756287812,0.04235016495601248,0.054933976984871895,0.9885847950353733,0.9845665630345564,0.9876644240147565,0.9824064462736365,0.9956021127354169,0.9950143339439089,0.995711560074249,0.9955792692153372,4.554116645283478,6.1631756023961115,4.921300326857305,7.025794794028636,0.9860925084502729,0.9860068114093146,0.9860925081905596,0.9860068402929281,0.9930219073365264,0.9929787567764552,0.9930219072057572,0.9929787713203783,benign,D:/mathe/Documents/BancoDados_IC/Mamografia/MIAS/all-roi/mdb127.png
0.3745546340942383,59.974282304777255,7.744306444400122,20.679350318520044,426.7483946619567,0.022792185972629754,0.03020652079397734,0.022568808040078388,0.030976685787016258,0.9749045633272353,0.9657364393405831,0.975688090097566,0.9658364913299248,0.9984570950390241,0.9983301895266474,0.9984188660461122,0.9982595573536346,3.0130972018572733,4.1178849319990185,2.919022635630489,4.105860420494798,0.995213641393111,0.995167022551044,0.9952136410058203,0.9951670199324004,0.9976039501691596,0.9975805844898166,0.9976039499750491,0.9975805831773192,malignant,D:/mathe/Documents/BancoDados_IC/Mamografia/MIAS/all-roi/mdb130.png
1.211294174194336,179.76729210410483,13.407732548947449,10.98911949342276,118.87814310660525,0.04295347629521027,0.056680703544765926,0.04439302297165221,0.05914790703363244,0.9875313427568109,0.9828439717665594,0.9878434465921939,0.9827581400064381,0.9952209043080238,0.9948519596427694,0.9949650997377308,0.994524178854363,4.48725982099219,6.180151720592545,4.374938905180852,6.21107107399795,0.9836449221974372,0.9835493242197729,0.9836448620082704,0.9835492691204889,0.9917887487753817,0.9917405528764934,0.9917887184316377,0.9917405250974112,benign,D:/mathe/Documents/BancoDados_IC/Mamografia/MIAS/all-roi/mdb132.png
1.211294174194336,179.76729210410483,13.407732548947449,10.98911949342276,118.87814310660525,0.04295347629521027,0.056680703544765926,0.04439302297165221,0.05914790703363244,0.9875313427568109,0.9828439717665594,0.9878434465921939,0.9827581400064381,0.9952209043080238,0.9948519596427694,0.9949650997377308,0.994524178854363,4.48725982099219,6.180151720592545,4.374938905180852,6.21107107399795,0.9836449221974372,0.9835493242197729,0.9836448620082704,0.9835492691204889,0.9917887487753817,0.9917405528764934,0.9917887184316377,0.9917405250974112,benign,D:/mathe/Documents/BancoDados_IC/Mamografia/MIAS/all-roi/mdb132.png
0.9490776062011719,124.80970854555198,11.1718265536819,11.704707011983963,135.21727560329538,0.03798188538611945,0.05058244922023215,0.040675785068426513,0.053689864303808496,0.9867968774737492,0.9816435343110971,0.986942692215099,0.9813321351538559,0.9954919116420378,0.9950935753885095,0.9951299401009692,0.9948303975666277,3.298954133064514,4.591028055600942,3.2625206195014687,4.668910273867234,0.9854974575826672,0.9854073959005326,0.9854974048472612,0.9854073571193903,0.9927222459392492,0.9926768839358215,0.9927222193782413,0.9926768644022033,malignant,D:/mathe/Documents/BancoDados_IC/Mamografia/MIAS/all-roi/mdb134.png
0.40312767028808594,64.84731474160435,8.052783043246873,19.98387883026863,398.499033850286,0.02227669843597285,0.03130156928283916,0.022729181940371698,0.029717284470855865,0.9784437062398115,0.9697985813877362,0.9780085116659458,0.9693511940331965,0.9984024176686965,0.9981547694857498,0.9983463720814709,0.9983517961845199,2.798461556085037,3.924604096016461,2.854958990102632,3.9827410420542537,0.994874645711935,0.9948238874690648,0.9948746442201807,0.9948238935372322,0.9974340307568892,0.997408586021328,0.9974340300090933,0.9974085890632947,malignant,D:/mathe/Documents/BancoDados_IC/Mamografia/MIAS/all-roi/mdb141.png
0.31169891357421875,47.97207863529911,6.926187886225662,22.19320860521016,490.92991414303526,0.018735108137829987,0.025044695369168125,0.019095949413489834,0.02541735584967081,0.9746733898646949,0.9655069162332156,0.9744365615898617,0.9646412478319727,0.9987947718185493,0.9986850160028657,0.9987476044058827,0.9986787092664815,2.4323107587976516,3.315869889893166,2.4550552144428126,3.3990878418084938,0.9958537161755733,0.9958115208323216,0.9958537137329048,0.9958115199247444,0.9979247046624176,0.9979035628918866,0.9979247034385433,0.9979035624371447,benign,D:/mathe/Documents/BancoDados_IC/Mamografia/MIAS/all-roi/mdb142.png
0.050238609313964844,1.2415776064872261,1.1142610136261728,24.891269914765264,667.291399601714,0.004700482649071374,0.006050477339853967,0.004908586876832861,0.0067690431894386555,0.9732564887754972,0.9612636372088046,0.9674641009026924,0.9545370646223462,0.9988765894277987,0.998725524015198,0.998862855194669,0.9986029040780879,0.06647307245845581,0.09637382241677055,0.08086853922287415,0.11310914461042253,0.994874706526239,0.9948258540019961,0.9948766188171648,0.9948258486067459,0.9974340612422653,0.9974095718419771,0.9974350198469898,0.9974095691373459,benign,D:/mathe/Documents/BancoDados_IC/Mamografia/MIAS/all-roi/mdb144.png
0.050238609313964844,1.2415776064872261,1.1142610136261728,24.891269914765264,667.291399601714,0.004700482649071374,0.006050477339853967,0.004908586876832861,0.0067690431894386555,0.9732564887754972,0.9612636372088046,0.9674641009026924,0.9545370646223462,0.9988765894277987,0.998725524015198,0.998862855194669,0.9986029040780879,0.06647307245845581,0.09637382241677055,0.08086853922287415,0.11310914461042253,0.994874706526239,0.9948258540019961,0.9948766188171648,0.9948258486067459,0.9974340612422653,0.9974095718419771,0.9974350198469898,0.9974095691373459,malignant,D:/mathe/Documents/BancoDados_IC/Mamografia/MIAS/all-roi/mdb144.png
1.2938318252563477,233.00392336414234,15.264466035998192,11.783336852900534,137.66189290731037,0.04857419965786952,0.06705022029967753,0.048671569525904755,0.0644167529041248,0.9872367908304347,0.9816694852111701,0.9867153161908723,0.9816895286880741,0.9952309757769104,0.9947269332218821,0.9953075236061009,0.9950201248724754,5.953527843963905,8.558751835830613,6.196774957233694,8.54939328007155,0.9854972367282093,0.9854072028256942,0.9854972419270239,0.9854072194401198,0.9927221347024601,0.9926767866862276,0.9927221373209242,0.9926767950547246,benign,D:/mathe/Documents/BancoDados_IC/Mamografia/MIAS/all-roi/mdb145.png
12.097736358642578,1525.2044006223823,39.05386537363981,3.0486742714986583,7.747694153353162,0.2929649315737971,0.34431917319062433,0.31687400720918174,0.44076370554472266,0.9954926624554138,0.993565385922921,0.9951838488671884,0.9930748789485012,0.9412051259158832,0.9398051386803538,0.9393633015629445,0.9326420500008394,13.761371273215866,19.66290470689318,14.704211342252924,21.16179675861868,0.8260914971790435,0.8256789910859327,0.8260907204476503,0.8256764151588118,0.9088957570475524,0.9086688016466355,0.9088953297534598,0.9086673842274806,malignant,D:/mathe/Documents/BancoDados_IC/Mamografia/MIAS/all-roi/mdb148.png
1.5678606033325195,213.10043262772405,14.597959878959937,9.284370237540996,84.95873285578129,0.05312003604594394,0.07272421500025383,0.0572744837487789,0.07291532293897349,0.9896780023648397,0.9853084551392272,0.9897828269544588,0.9860116153064676,0.9928531348938688,0.9920106944421877,0.9923123603021088,0.9919249215437055,4.403495005498551,6.273655101769744,4.358775507087007,5.973388219533343,0.976869996107275,0.9767530016192768,0.9768699397345192,0.976752990188272,0.9883673386485791,0.9883081511448121,0.9883673101304591,0.9883081453616943,benign,D:/mathe/Documents/BancoDados_IC/Mamografia/MIAS/all-roi/mdb150.png
1.3871688842773438,278.18482468131697,16.678873603493642,11.95680788901857,141.16139950456682,0.04559964565004904,0.0615845332523039,0.046888364491691426,0.06291655558517761,0.9867381055895043,0.9815422658904179,0.986677227132022,0.9815673503981514,0.9964113053337251,0.9960661206927146,0.9961673690933031,0.9958207887827775,7.385678228861241,10.28927053144248,7.419582035068482,10.275287163566372,0.9860926612763348,0.9860069571403647,0.986092625231361,0.9860069282457898,0.9930219842865186,0.9929788301572017,0.9930219661373866,0.99297881560776,benign,D:/mathe/Documents/BancoDados_IC/Mamografia/MIAS/all-roi/mdb152.png
4.483146667480469,730.7287980727269,27.03199582111404,5.921261442524198,33.399519625183785,0.10753260935972728,0.14796723263283118,0.11246983443304119,0.14117716757013196,0.9939385861720035,0.9917569559414656,0.9938126849889725,0.9909051495061885,0.9830987105409341,0.980876750828501,0.9825301733975149,0.9819835689282808,8.866920210166311,12.069773508426406,9.05109436094834,13.317020359684225,0.9462626324704322,0.9460653562049463,0.9462624967858881,0.9460655947759972,0.9727603160442104,0.9726589105153699,0.9727602463021853,0.9726590331539605,malignant,D:/mathe/Documents/BancoDados_IC/Mamografia/MIAS/all-roi/mdb155.png
3.5440006256103516,531.1724986068098,23.04717984064015,6.374670986207333,38.80309367424076,0.09889342008797702,0.12518143309932303,0.09900415444770347,0.13418261701300352,0.9927013566056756,0.9892221760222967,0.9922238122366114,0.9895434603922164,0.9848968658401626,0.9844191268980775,0.9851529177573192,0.9833004299180486,7.7610772543988835,11.471632415346345,8.2688782991203,11.12966578088136,0.9537916435981134,0.9536125140628747,0.9537916810323226,0.9536122460252106,0.9766225696747508,0.9765308566875267,0.9766225888398868,0.976530719447786,malignant,D:/mathe/Documents/BancoDados_IC/Mamografia/MIAS/all-roi/mdb158.png
1.944779396057129,337.24978595864246,18.364361844579367,9.379298700566169,86.370370096813,0.059435712976540225,0.07801217166461792,0.05985764907135953,0.08222801279276654,0.9905012597157266,0.9863677062067112,0.9904393613637387,0.9867269490789468,0.9930127599566213,0.9926159950870027,0.9929916744031645,0.9921153737670784,6.41308880131972,9.21275951263649,6.454879566837813,8.969981720525634,0.9775909703916426,0.9774746807578139,0.9775909670222075,0.9774746286273327,0.9887320012984523,0.9886731920901941,0.988731999594535,0.9886731657263348,benign,D:/mathe/Documents/BancoDados_IC/Mamografia/MIAS/all-roi/mdb160.png
0.027960777282714844,0.3054115466793519,0.552640522111211,30.89346752253975,2006.0698153417177,0.004204087243401764,0.00535484444291559,0.0030432856793743885,0.004020911030654671,0.941891621469453,0.9145031227235381,0.9587317786737752,0.9447580257159282,0.9986570102300754,0.9984576451628959,0.9990274204215224,0.9986990543623362,0.035528546554252256,0.052325353621352176,0.025232160312805518,0.03380890543883646,0.9922145057135023,0.9921288400521617,0.9922526620604294,0.9921878880406373,0.9960996464779527,0.9960566450017598,0.9961187991702743,0.9960862854394881,benign,D:/mathe/Documents/BancoDados_IC/Mamografia/MIAS/all-roi/mdb163.png
0.9335050582885742,165.13682998675216,12.850557574936278,13.744318971042794,187.59981061142858,0.037063553885630894,0.05073151341243361,0.037743233748778464,0.05034356429683321,0.9853847208688316,0.9794024695789019,0.9849268663520419,0.9788755249989672,0.9967553133419835,0.9963882836431295,0.9967219559160674,0.9964931846168887,4.831735321969734,6.816057653442946,4.983099645650078,6.990432181048003,0.9893180874143541,0.9892430284064861,0.9893180840253292,0.989243033752427,0.994644704110143,0.9946069718268047,0.9946447024065072,0.9946069745142686,benign,D:/mathe/Documents/BancoDados_IC/Mamografia/MIAS/all-roi/mdb165.png
0.48968982696533203,65.14898351356413,8.071492025243172,16.455626853882073,269.35199004201087,0.0259729349951126,0.0361595330850845,0.026690799120234816,0.033778328168641514,0.9808056586706184,0.9732547613528063,0.980561255721912,0.9728998663822391,0.9975559212118843,0.9972284884447751,0.9974670860401418,0.9974526473953016,2.503419400659821,3.491641416530274,2.5352956225562053,3.537973625193377,0.9925223530661884,0.9924617299306338,0.99252234897548,0.992461745856612,0.9962541608777292,0.9962237348761742,0.9962541588246846,0.9962237428693476,benign,D:/mathe/Documents/BancoDados_IC/Mamografia/MIAS/all-roi/mdb167.png
2.775069236755371,393.3492465066651,19.83303422340276,7.373823665352073,55.21783533796386,0.08195297226295296,0.10972653409509266,0.08513181207233657,0.10787087601012847,0.9931942539871461,0.9886379204632875,0.9919235747054868,0.9905655426322977,0.9869824452877494,0.9861553172928086,0.9869866855790612,0.9858096393112042,5.359201261608175,8.955671558074307,6.359800754521212,7.436306112874045,0.9598114856269412,0.9596489589730685,0.9598114751627882,0.9596489149518929,0.9796996915519272,0.979616740859949,0.979699686211437,0.9796167183913782,malignant,D:/mathe/Documents/BancoDados_IC/Mamografia/MIAS/all-roi/mdb170.png
2.660416603088379,608.2915139042002,24.66356652846867,9.163132799712312,81.9670842477833,0.06259736986803519,0.085645022737067,0.06273674242424246,0.08587053010475594,0.9895165946214494,0.9853723895293752,0.9895026144648812,0.985261754230471,0.996260383846646,0.9957672607452615,0.9962257147770089,0.9957994623859323,12.766255040322582,17.830105042478525,12.78327949352396,17.964962270515212,0.976877303254921,0.9767596310210858,0.97687723413846,0.9767596883377261,0.9883710352164925,0.9883115050534855,0.9883710002516565,0.9883115340507396,malignant,D:/mathe/Documents/BancoDados_IC/Mamografia/MIAS/all-roi/mdb171.png
0.5944490432739258,108.58024601945968,10.42018454824384,17.51017022301609,305.2625666034968,0.02987727578201392,0.0418851269291159,0.03033166849951147,0.03965298620487391,0.9802190743939415,0.9727603219250948,0.9806144921230946,0.9727298969722842,0.9978746886389249,0.997526964849021,0.9977689921136135,0.9977310783505731,4.299820915811346,5.926914590995568,4.213868142106556,5.93353456999279,0.9933746266513327,0.9933186267299123,0.9933746230645588,0.9933186337006361,0.9966818081270133,0.9966537145518057,0.9966818063276558,0.9966537180488698,benign,D:/mathe/Documents/BancoDados_IC/Mamografia/MIAS/all-roi/mdb175.png
2.645282745361328,472.89716684968147,21.74619890577849,8.14196744547103,64.62864240318395,0.07560865713587565,0.09949270397667105,0.07753505315249347,0.10498705721485221,0.991148525409406,0.9875959542937321,0.990582258357174,0.9869106924695538,0.9906673461515699,0.9899671899946678,0.9906667287226686,0.9896326579746211,8.37973675769805,11.75428296779165,8.915824703690253,12.40364863276604,0.9706003594783298,0.970466324558164,0.970600356203669,0.9704662757292939,0.9851905193810636,0.985122492159307,0.9851905177191207,0.9851224673761603,malignant,D:/mathe/Documents/BancoDados_IC/Mamografia/MIAS/all-roi/mdb178.png
2.946366310119629,641.2728831242697,25.323366346603084,8.518697268240166,70.9012887561465,0.06850638440860259,0.0957431662189973,0.06967100439882752,0.09230322332204947,0.9911336454152435,0.9874326379328686,0.9911211873249732,0.9877002532136467,0.9940928515883715,0.992978898723971,0.9937913153693037,0.9933765724702628,11.382470750855411,16.149316454680093,11.398464228983514,15.805425363272203,0.9730592657102165,0.9729310910199266,0.9730592058545757,0.9729311712524505,0.9864376643813924,0.9863726937724536,0.9864376340420998,0.986372734442944,malignant,D:/mathe/Documents/BancoDados_IC/Mamografia/MIAS/all-roi/mdb179.png
1.4667911529541016,245.4937301650316,15.668239536241192,10.629820056984927,111.43578129702063,0.05067242485337301,0.06945818032754075,0.05155639051808462,0.06740950322446944,0.9884828108457386,0.9837183403124861,0.9884760164128762,0.9841569210244695,0.9944795575822206,0.9938710736456079,0.9943777910305102,0.9940131767440702,5.6602746212121975,8.009589796364967,5.6636138349218585,7.793834666789003,0.982410419012448,0.9823099094406473,0.9824104104423738,0.9823099205310843,0.9911661914192029,0.9911154874385968,0.9911661870959753,0.9911154930335235,malignant,D:/mathe/Documents/BancoDados_IC/Mamografia/MIAS/all-roi/mdb181.png
6.329057693481445,990.9421208146325,31.479233167512714,4.779898008533315,20.8856319906672,0.13760653409090878,0.17710546004936398,0.14661801991691115,0.1932387922360501,0.9940636660646234,0.9913808087100583,0.9938019987876067,0.9913952745987228,0.976894522274626,0.9755055658035316,0.9758682144429739,0.9735713158079196,11.776161947091937,17.114298791529023,12.295242622800613,17.08557526833953,0.9232242208399238,0.9229769739523921,0.9232233426208939,0.9229755223159921,0.9608455759589695,0.9607169062488659,0.9608451189556483,0.9607161507521315,malignant,D:/mathe/Documents/BancoDados_IC/Mamografia/MIAS/all-roi/mdb184.png
1.1575069427490234,202.2630352672095,14.22192094153281,12.242941018466746,148.36016361803274,0.04649888501955071,0.06269104821748929,0.04640915200391059,0.06235278716595586,0.9863183134400868,0.9805757271375516,0.9864918650309291,0.981157634192002,0.995550168143805,0.9951686557008025,0.9955462109901114,0.9951673532139141,5.539973194648162,7.8728921988783975,5.469698878910124,7.63703824738732,0.986649951591419,0.9865647888112706,0.9866499493009313,0.9865647873394179,0.9933025478631468,0.9932596784382575,0.993302546710181,0.993259677697337,malignant,D:/mathe/Documents/BancoDados_IC/Mamografia/MIAS/all-roi/mdb186.png
1.6959772109985352,264.6537583075248,16.26818239102097,9.810534167249717,97.18607259687083,0.059666727761486814,0.07791852877464613,0.06173249633431211,0.08461303986798545,0.9883592042895919,0.9838589527829333,0.9887595839114798,0.9837278914578595,0.9927782169000708,0.9923567155061308,0.9924983316970081,0.9917314994120897,6.167518175708785,8.560106791116127,5.95538932673514,8.629612748428443,0.9775907644515427,0.9774744909836759,0.9775907496114496,0.9774744661777856,0.9887318971549075,0.9886730961160397,0.9887318896502983,0.9886730835709979,benign,D:/mathe/Documents/BancoDados_IC/Mamografia/MIAS/all-roi/mdb188.png
0.2568702697753906,23.100443369461573,4.806292060358127,18.75005229624028,351.34463041218584,0.01583692265395905,0.02020584236079473,0.01595147543988279,0.02156461980508917,0.9782254541270908,0.9699057921019537,0.9774992285965982,0.9684201858968896,0.998229103632472,0.9981478143688238,0.9982456194752045,0.9980431618868815,1.006983901515151,1.3930908746914783,1.0405688691348955,1.461861066439637,0.994158778464896,0.9941073435456962,0.9941587793884707,0.9941073377313573,0.9970751117468012,0.997049318512227,0.9970751122099432,0.9970493155964539,benign,D:/mathe/Documents/BancoDados_IC/Mamografia/MIAS/all-roi/mdb190.png
1.0613889694213867,223.60445530953305,14.95340948779017,14.029818841346946,195.00617098390754,0.03977845491202368,0.05355799982609206,0.03941570442326512,0.05360195465199758,0.9847003846733344,0.9789648348948021,0.9848880799764179,0.9789585311539953,0.9972649516539085,0.9969774859763048,0.9972924023587326,0.9969542190159475,6.848778867302092,9.425420604684579,6.764758217253212,9.428245180018864,0.9898233833647695,0.989752592310432,0.9898233887832016,0.9897525902524056,0.9948986799492546,0.9948631022962063,0.9948986826723621,0.9948631012618799,benign,D:/mathe/Documents/BancoDados_IC/Mamografia/MIAS/all-roi/mdb191.png
9.662259101867676,1737.1982832662063,41.679710690769035,4.159179789959684,15.574140574384991,0.16876871028836968,0.2293792145272698,0.1754948680351925,0.2235160229673592,0.9961402050587892,0.9942206946513095,0.9953838880009509,0.9939108845134345,0.9697632383663589,0.9660981817199206,0.9697061705803193,0.9671874235684629,13.422862063172266,20.11675930624008,16.05303793988292,21.19515464932197,0.8978313079197249,0.8975374524486727,0.8978312062817307,0.897537738193688,0.9475396075730687,0.947384532515004,0.9475395539404836,0.9473846833222965,benign,D:/mathe/Documents/BancoDados_IC/Mamografia/MIAS/all-roi/mdb193.png
0.26024913787841797,33.441197731509426,5.782836478019193,22.19209873901697,490.8649154077697,0.01675334494134904,0.022596602674173488,0.017100821725317787,0.02235580667138715,0.9748525390556763,0.9656919749166187,0.9748672543456453,0.965187062658467,0.9986892131464513,0.998553206027555,0.998638202761456,0.9985701063828452,1.6835632025904192,2.2990820130163643,1.6825780486314736,2.3329176735666173,0.995853719801076,0.9958115216663972,0.9958537165455502,0.9958115232697226,0.9979247064789387,0.9979035633098006,0.9979247048477907,0.9979035641131474,benign,D:/mathe/Documents/BancoDados_IC/Mamografia/MIAS/all-roi/mdb195.png
4.547375679016113,784.9040818389855,28.01613966696671,6.042580656647503,34.7434368663249,0.10917453262463483,0.14701551509800873,0.11414039589442969,0.14947698534871337,0.9938040988532761,0.9910609370535862,0.9933221377428112,0.9907534323997608,0.9836833529872646,0.9821537230669347,0.983246913305128,0.9818240107984353,9.735633171432243,14.059337103892899,10.492939729961073,14.542979697648112,0.9485002905885521,0.9483087650869761,0.9485001293778641,0.9483086780156668,0.9739097959198029,0.9738114628032349,0.9739097131551077,0.9738114180967826,benign,D:/mathe/Documents/BancoDados_IC/Mamografia/MIAS/all-roi/mdb198.png
0.5582351684570312,108.95375054137548,10.438091326548905,18.701205979551137,348.65212146483066,0.026940906036168336,0.036516904930489556,0.02701727456011748,0.036390773690934825,0.9806294784064751,0.971688260913862,0.9797401778795077,0.9732667192790166,0.9983298888284051,0.9982367805953432,0.9983902783204028,0.9981867061467529,4.225096224340176,6.181372900320962,4.419070365957974,5.836744132269612,0.9941587929436663,0.9941073519225303,0.9941587931641942,0.9941073535810957,0.9970751190074227,0.9970493227130393,0.9970751191180102,0.9970493235447762,benign,D:/mathe/Documents/BancoDados_IC/Mamografia/MIAS/all-roi/mdb199.png
0.7540473937988281,139.3964260319335,11.806626361155564,15.713434642517116,246.7537569115972,0.0340279050586514,0.047889738363677485,0.03567364674975602,0.04767951963108607,0.9822118461596361,0.9746886532912994,0.9820928659487475,0.9751018804444036,0.9974052034682415,0.9970353470259788,0.997227313882902,0.9970407255922163,4.96403806207236,7.0703688096555295,4.997241187072355,6.954939614669061,0.9916779818052235,0.9916127621484876,0.9916779769253548,0.9916127618343954,0.9958302976939513,0.9957975507845396,0.9958302952438004,0.9957975506268306,malignant,D:/mathe/Documents/BancoDados_IC/Mamografia/MIAS/all-roi/mdb202.png
0.20356464385986328,31.62477256400507,5.623590718038171,27.60634608663487,760.5874600194207,0.014750580400782067,0.019999445786977797,0.015094238758553324,0.020079711121239952,0.9686221453436805,0.9564503579361415,0.9676324265688953,0.9559607450589384,0.9991932521351574,0.9991074448775974,0.9991756178355731,0.9991162812817909,1.9865725042766351,2.759875741618244,2.049232878176928,2.7909040265487146,0.997298401582527,0.9972652238246078,0.9972984004475356,0.997265224140527,0.9986482872275539,0.9986316757566864,0.9986482866592901,0.9986316759148625,benign,D:/mathe/Documents/BancoDados_IC/Mamografia/MIAS/all-roi/mdb204.png
0.11174201965332031,14.53564566379282,3.8125641848751637,34.129156002125235,1164.1322715418687,0.010166559750733186,0.014006300828739673,0.0104223943059629,0.014130520988907233,0.960915753528542,0.9457102681627911,0.9613193826109193,0.9454869991572927,0.9994412013230454,0.9993613650815454,0.9993940012899876,0.9993475857972705,1.1373392442570849,1.581357038362051,1.1255937652737023,1.5878604415166726,0.998213781668097,0.9981853041447742,0.9982137808192456,0.9981853040904466,0.9991064916554676,0.9990922400583313,0.9991064912306624,0.9990922400311427,malignant,D:/mathe/Documents/BancoDados_IC/Mamografia/MIAS/all-roi/mdb206.png
0.22095489501953125,45.319232370646205,6.731956058282481,30.451736252093045,925.837776541116,0.01641732343597268,0.02230611860732008,0.016646429007820197,0.02212647714492396,0.9655831223125148,0.9525796405889835,0.9650918196900494,0.9531928699037805,0.9994465734849436,0.9993668849622908,0.9994118105249836,0.9993724461276468,3.1225390243157385,4.3065065564356075,3.16711342253177,4.250815792013409,0.9977712991319929,0.9977423943336179,0.9977712985692823,0.9977423954443511,0.998885027984699,0.9988705593487166,0.9988850277030297,0.9988705599047111,benign,D:/mathe/Documents/BancoDados_IC/Mamografia/MIAS/all-roi/mdb207.png
4.0336456298828125,711.86055849283,26.68071510459999,6.5572047471239845,41.60204565375941,0.10194243340664869,0.14325259978462357,0.10334570503421463,0.13195812060631085,0.9936680761343974,0.9903533145223378,0.9936033434214914,0.9914929254042836,0.9855124833065051,0.9837740588519094,0.9852672823180613,0.9842810557025762,9.02350432245863,13.760438554497721,9.115753680963039,12.134849583719097,0.9548090547206267,0.9546307498135992,0.9548090172098675,0.9546308068371523,0.9771433132967889,0.9770520711884292,0.9771432941026958,0.9770521003698587,malignant,D:/mathe/Documents/BancoDados_IC/Mamografia/MIAS/all-roi/mdb209.png
0.09021759033203125,16.13045064540347,4.016273228429992,44.509515736496695,1979.740718099452,0.010055825391006868,0.013582041204782727,0.010023368768328477,0.013620262792526585,0.9478912583228919,0.9290048514458138,0.9481827329259447,0.9290278501631709,0.9996810036897457,0.9996420813664848,0.9996779685119288,0.9996416922862652,1.6827174211876819,2.294845150014955,1.6733050006109476,2.294101740133338,0.9989387629020468,0.9989186248080071,0.9989387628742531,0.9989186247555062,0.9994692405982522,0.9994591661533787,0.9994692405843479,0.999459166127114,malignant,D:/mathe/Documents/BancoDados_IC/Mamografia/MIAS/all-roi/mdb211.png
0.0,0.0,0.0,0.0,0.0,0.0,0.0,0.0,0.0,1.0,1.0,1.0,1.0,1.0,1.0,1.0,1.0,0.0,0.0,0.0,0.0,1.0,1.0,1.0,1.0,1.0,1.0,1.0,1.0,benign,D:/mathe/Documents/BancoDados_IC/Mamografia/MIAS/all-roi/mdb212.png
0.9396228790283203,145.68071701476217,12.069826718506036,12.853364055312369,164.26445600405884,0.03903195259042084,0.05383701741662289,0.039784182551320144,0.05186478348903952,0.9879143720498714,0.9818147292074787,0.9861857046913266,0.9820934360431173,0.9958333735295548,0.9954727834268352,0.9959713066621967,0.9955758002694128,3.5247071267106196,5.308787429684227,4.028863483626604,5.227425135853854,0.9877197775156432,0.9876394204393092,0.9877197831149636,0.987639426622066,0.9938409216346664,0.9938004932778557,0.9938409244516768,0.9938004963885186,malignant,D:/mathe/Documents/BancoDados_IC/Mamografia/MIAS/all-roi/mdb213.png
0.0009765625,0.0027570724487304688,0.052507832260820564,55.50409325510279,3163.482551857343,0.0002844727517106549,0.0003325278133716315,0.00021001344086021506,0.00033061673398443816,0.9038394693882519,0.8806640493186106,0.9214804300400474,0.8803181480122878,0.9998819881691678,0.9998662806511136,0.9999171963048417,0.999867348607242,0.0005307612414467253,0.0006593223885816828,0.0004333913734115348,0.0006612334679688761,0.9992364926976266,0.9992204612374284,0.9992364991225617,0.9992204623463352,0.9996181734530574,0.9996101546290075,0.999618176666752,0.9996101551836772,benign,D:/mathe/Documents/BancoDados_IC/Mamografia/MIAS/all-roi/mdb214.png
0.03333854675292969,5.922695685465437,2.4336589090226752,73.08358343991888,5346.626204279628,0.006141938538611936,0.008253951873287826,0.006302312438905199,0.008464170605879088,0.9108422309238646,0.8792691788597584,0.9088723080463799,0.8778294957077477,0.999867220503414,0.9998534557785186,0.9998527847481091,0.9998365316480751,1.0571408388318662,1.4329005694061019,1.080498151881719,1.4499875302069962,0.9995914705081943,0.9995796070458464,0.9995914704334701,0.9995796070152588,0.9997957143877915,0.9997897814269989,0.9997957143504217,0.9997897814117019,benign,D:/mathe/Documents/BancoDados_IC/Mamografia/MIAS/all-roi/mdb218.png
0.39136600494384766,61.22728099154395,7.82478632242082,20.040982799462903,401.65013804669826,0.022784549120234848,0.031431522681168285,0.022820824169110708,0.030814244039104887,0.9760848302055847,0.9673080276475352,0.9769069786616784,0.96651333774919,0.99839865056301,0.998169687271917,0.9983354019404016,0.9982412905593419,2.9313771535923676,4.01109190476328,2.8306031586021425,4.108595175097872,0.9948746417747786,0.9948238855694523,0.9948746399973374,0.994823887530695,0.9974340287832467,0.997408585069054,0.9974340278922398,0.9974085860522232,benign,D:/mathe/Documents/BancoDados_IC/Mamografia/MIAS/all-roi/mdb219.png
0.13269519805908203,20.563087136694786,4.534654026129754,34.28936256110399,1178.6485139234173,0.011726386852394985,0.016674167653261567,0.012425158846529933,0.016504081587801377,0.9613431844354968,0.9461728914089115,0.96060090434356,0.9449427135935284,0.9994438051119368,0.9993232933957326,0.9993644668146795,0.9993666806951527,1.5913596652003887,2.2180293140467153,1.6219166208455464,2.2687206947920164,0.9982137779651349,0.9981853007874631,0.9982137772078654,0.9981853010796422,0.9991064898023307,0.9990922383781505,0.9991064894233574,0.9990922385243728,benign,D:/mathe/Documents/BancoDados_IC/Mamografia/MIAS/all-roi/mdb222.png
0.3823127746582031,58.4766721016349,7.6470041259067525,20.063835630139923,402.8108859931449,0.02198077040566992,0.03020078755581598,0.021637112047898605,0.02953955408784704,0.9796171002292251,0.9694179267835769,0.9780750830274476,0.9706232707856174,0.9982544334963073,0.9981419341969962,0.9983769201269395,0.998159835500549,2.3861727150537484,3.5836541557854624,2.566692631964803,3.442410100436774,0.9948746355457644,0.9948238821842967,0.9948746382745752,0.994823882549976,0.9974340256607273,0.9974085833720786,0.9974340270286427,0.9974085835553933,benign,D:/mathe/Documents/BancoDados_IC/Mamografia/MIAS/all-roi/mdb223.png
0.3823127746582031,58.4766721016349,7.6470041259067525,20.063835630139923,402.8108859931449,0.02198077040566992,0.03020078755581598,0.021637112047898605,0.02953955408784704,0.9796171002292251,0.9694179267835769,0.9780750830274476,0.9706232707856174,0.9982544334963073,0.9981419341969962,0.9983769201269395,0.998159835500549,2.3861727150537484,3.5836541557854624,2.566692631964803,3.442410100436774,0.9948746355457644,0.9948238821842967,0.9948746382745752,0.994823882549976,0.9974340256607273,0.9974085833720786,0.9974340270286427,0.9974085835553933,benign,D:/mathe/Documents/BancoDados_IC/Mamografia/MIAS/all-roi/mdb223.png
0.01572704315185547,1.7437702611268824,1.3205189362999996,84.11329269859864,7086.315649241035,0.0033964901026392953,0.004271262430376997,0.00343658357771261,0.004338150208928763,0.9016355370130638,0.8760524574354379,0.9032308551743408,0.8768301546381064,0.9998890469651005,0.9998753327615759,0.9998774635199574,0.9998713473747451,0.34338534029814227,0.4331174769165498,0.33781616568914896,0.430399922027961,0.9996869137509695,0.9996789646348322,0.9996869137395786,0.9996789646060711,0.9998434446206914,0.9998394694323846,0.9998434446149951,0.9998394694180016,benign,D:/mathe/Documents/BancoDados_IC/Mamografia/MIAS/all-roi/mdb226.png
0.01572704315185547,1.7437702611268824,1.3205189362999996,84.11329269859864,7086.315649241035,0.0033964901026392953,0.004271262430376997,0.00343658357771261,0.004338150208928763,0.9016355370130638,0.8760524574354379,0.9032308551743408,0.8768301546381064,0.9998890469651005,0.9998753327615759,0.9998774635199574,0.9998713473747451,0.34338534029814227,0.4331174769165498,0.33781616568914896,0.430399922027961,0.9996869137509695,0.9996789646348322,0.9996869137395786,0.9996789646060711,0.9998434446206914,0.9998394694323846,0.9998434446149951,0.9998394694180016,benign,D:/mathe/Documents/BancoDados_IC/Mamografia/MIAS/all-roi/mdb226.png
0.01572704315185547,1.7437702611268824,1.3205189362999996,84.11329269859864,7086.315649241035,0.0033964901026392953,0.004271262430376997,0.00343658357771261,0.004338150208928763,0.9016355370130638,0.8760524574354379,0.9032308551743408,0.8768301546381064,0.9998890469651005,0.9998753327615759,0.9998774635199574,0.9998713473747451,0.34338534029814227,0.4331174769165498,0.33781616568914896,0.430399922027961,0.9996869137509695,0.9996789646348322,0.9996869137395786,0.9996789646060711,0.9998434446206914,0.9998394694323846,0.9998434446149951,0.9998394694180016,benign,D:/mathe/Documents/BancoDados_IC/Mamografia/MIAS/all-roi/mdb226.png
0.041413307189941406,7.1099039336540955,2.666440311286584,64.40150041560969,4147.542377246746,0.006668881353861205,0.008771854387217205,0.006724248533724359,0.008714522005601402,0.9240597882956991,0.8996798387327171,0.9235058179618881,0.8995160619924675,0.9998262565170184,0.9998035966725605,0.9998258949068406,0.9998204265643187,1.080910541911045,1.4293230287932757,1.0887955920087968,1.4316564567250405,0.9994807621434603,0.9994687911017156,0.9994807620682801,0.9994687911679112,0.9997403473619839,0.9997343602686244,0.9997403473243841,0.9997343603017309,benign,D:/mathe/Documents/BancoDados_IC/Mamografia/MIAS/all-roi/mdb227.png
0.7949399948120117,109.1947639394989,10.449629847008884,13.168402557100679,172.77419411392006,0.036975730083089395,0.05137554716591782,0.03672180474095836,0.04721894949877237,0.9842130316696241,0.9777787700736881,0.9843995321557548,0.9784808452339937,0.9960804436648352,0.9955934530756966,0.9961084075329121,0.9959324262620332,3.4510592314271538,4.862321063248125,3.4102898949168923,4.708697035629201,0.9882625292722692,0.9881826742956735,0.9882625273763639,0.9881826898194549,0.9941139417955415,0.9940737770888404,0.994113940841976,0.9940737848970039,malignant,D:/mathe/Documents/BancoDados_IC/Mamografia/MIAS/all-roi/mdb231.png
0.06154155731201172,6.484561597600075,2.5464802370330846,41.41548239065101,1715.735561793793,0.006743340664711647,0.008833008927607404,0.006783434139784969,0.00898971743735726,0.9529429276567033,0.9372314149908585,0.9537921012768262,0.9366143151387066,0.9996183583171168,0.9995864040578917,0.9996043137878576,0.9995719746041396,0.6108851875610934,0.8156448602953196,0.5998613911290311,0.8236637494039825,0.9987746644189742,0.9987543678429257,0.9987746642335293,0.9987543675945739,0.9993871444135022,0.9993769898506397,0.9993871443207228,0.9993769897263864,benign,D:/mathe/Documents/BancoDados_IC/Mamografia/MIAS/all-roi/mdb236.png
0.13860225677490234,22.373816720019928,4.730096903872047,34.1528271946824,1166.2999323068143,0.012375519305962923,0.016924519052983828,0.012472889173998108,0.017098427277218452,0.9604887807021011,0.9445843854999387,0.9609028787469739,0.9455378134823879,0.9994314659396997,0.9993819575865515,0.9994007063444803,0.9993518545851316,1.7697603555718453,2.4845637340197895,1.75121235031769,2.4418167102870494,0.9982137797252618,0.9981853031011501,0.9982137793885459,0.998185302515883,0.9991064906831812,0.9990922395360451,0.9991064905146728,0.9990922392431456,malignant,D:/mathe/Documents/BancoDados_IC/Mamografia/MIAS/all-roi/mdb238.png
1.0592317581176758,233.14165132020455,15.268976760746103,14.354351217242003,204.17033574577871,0.038186171187683395,0.053137562360909496,0.038711204789833926,0.05231962038319075,0.9840785159270341,0.9776484178139826,0.9839187183867101,0.9777840612643545,0.9979668662218437,0.9975306594376177,0.9978679247826874,0.9977156381073475,7.431144229594362,10.442456921881758,7.505727639296214,10.37908552940243,0.9902756078063647,0.9902052106394017,0.9902755926277346,0.9902052371248762,0.9951259256025665,0.9950905539896365,0.9951259179760793,0.995090567297709,malignant,D:/mathe/Documents/BancoDados_IC/Mamografia/MIAS/all-roi/mdb239.png
1.0592317581176758,233.14165132020455,15.268976760746103,14.354351217242003,204.17033574577871,0.038186171187683395,0.053137562360909496,0.038711204789833926,0.05231962038319075,0.9840785159270341,0.9776484178139826,0.9839187183867101,0.9777840612643545,0.9979668662218437,0.9975306594376177,0.9978679247826874,0.9977156381073475,7.431144229594362,10.442456921881758,7.505727639296214,10.37908552940243,0.9902756078063647,0.9902052106394017,0.9902755926277346,0.9902052371248762,0.9951259256025665,0.9950905539896365,0.9951259179760793,0.995090567297709,malignant,D:/mathe/Documents/BancoDados_IC/Mamografia/MIAS/all-roi/mdb239.png
0.342437744140625,74.3379728263244,8.621947159796585,25.16168391499682,631.6896788352966,0.021115896871945317,0.02875983369787185,0.020968887463343175,0.028822899317649257,0.9717210227507833,0.9606907991608099,0.9719315196437888,0.9614513114459509,0.9992165407802982,0.9991548595511106,0.9992378302466955,0.9990805583629394,4.208507071725324,5.855745994616491,4.177180703201377,5.742455297464285,0.9967569956477031,0.9967194835470914,0.9967569982215954,0.9967194810115355,0.9983771810531845,0.9983583943389726,0.9983771823422225,0.99835839306911,benign,D:/mathe/Documents/BancoDados_IC/Mamografia/MIAS/all-roi/mdb240.png
0.7822990417480469,142.80978593449979,11.950304846927537,15.336430653203884,235.04649033038794,0.033775888929619115,0.045705374624115246,0.03450711754643241,0.04656153818957797,0.9827032706100268,0.9750343213452748,0.9820828011347343,0.9760878744242791,0.9974403663083375,0.9972598173597147,0.9974042273546659,0.9970649022964595,4.945092940493663,7.144574111180871,5.122483657135889,6.843072671660288,0.9912559705977639,0.9911903566045606,0.9912559708014314,0.9911903496146581,0.9956183860283838,0.9955854341062652,0.9956183861306657,0.995585430595817,malignant,D:/mathe/Documents/BancoDados_IC/Mamografia/MIAS/all-roi/mdb241.png
1.7016067504882812,355.64600022597006,18.858578955636347,11.029701594198134,120.05461282834885,0.05284320014662812,0.07113993018827071,0.05350569709188702,0.07392246177602402,0.987926288823603,0.9832158815555494,0.9878731512636685,0.9829280740532468,0.9956326860781763,0.9952481191271569,0.9955751183614698,0.9949050690792323,8.596260615224937,11.961570104602847,8.634093581989362,12.16668243307149,0.9836447001496665,0.9835491326423429,0.9836446891770217,0.9835490986953702,0.9917886368322973,0.9917404562900229,0.9917886313005517,0.9917404391751756,benign,D:/mathe/Documents/BancoDados_IC/Mamografia/MIAS/all-roi/mdb244.png
0.04854297637939453,7.8064461841195225,2.7940018224975307,57.645853830663675,3327.2110067601375,0.007016358137829943,0.009603173920646298,0.007230190004887613,0.009861169637917394,0.9327320346859653,0.9081527734829979,0.9319859729529518,0.9052019988929101,0.9997818565763945,0.9997543190041216,0.9997644561386674,0.9997419957499352,1.051273826979471,1.436804904594136,1.0629333913734096,1.4829651161124018,0.9993547906556463,0.9993388763795283,0.999354790592313,0.9993388763484847,0.9996773432741417,0.9996693835361411,0.9996773432424649,0.9996693835206142,benign,D:/mathe/Documents/BancoDados_IC/Mamografia/MIAS/all-roi/mdb248.png
1.0951852798461914,173.94044747581802,13.18864843248989,12.015201821456523,143.06947619633263,0.04522353066959975,0.061834884652026786,0.04552136791300146,0.05969447573837016,0.9873142255382327,0.9823367763479418,0.9869728389749802,0.9817731461527011,0.9952596055418126,0.9947746719329974,0.9952844724574932,0.9949780062854282,4.417422715053828,6.156633977653763,4.536299868646191,6.353091027577811,0.986092477347141,0.9860067879419446,0.9860924803142455,0.9860068014953449,0.9930218916756776,0.9929787449598025,0.9930218931696548,0.9929787517844201,malignant,D:/mathe/Documents/BancoDados_IC/Mamografia/MIAS/all-roi/mdb249.png
1.0951852798461914,173.94044747581802,13.18864843248989,12.015201821456523,143.06947619633263,0.04522353066959975,0.061834884652026786,0.04552136791300146,0.05969447573837016,0.9873142255382327,0.9823367763479418,0.9869728389749802,0.9817731461527011,0.9952596055418126,0.9947746719329974,0.9952844724574932,0.9949780062854282,4.417422715053828,6.156633977653763,4.536299868646191,6.353091027577811,0.986092477347141,0.9860067879419446,0.9860924803142455,0.9860068014953449,0.9930218916756776,0.9929787449598025,0.9930218931696548,0.9929787517844201,malignant,D:/mathe/Documents/BancoDados_IC/Mamografia/MIAS/all-roi/mdb249.png
0.22020339965820312,30.736207041758462,5.544024444549145,25.158216003947178,631.4729597724961,0.015552449902248367,0.020750499986144758,0.015640273704789896,0.021142271260519433,0.9710020410268958,0.9596369430518661,0.9709604638227558,0.960131091988657,0.9989723029655315,0.9989145468627705,0.9989608344934344,0.9988534917219294,1.784314287023457,2.4860601091799635,1.7868726325757553,2.455624258859527,0.9967569932742907,0.9967194808152263,0.9967569925580293,0.9967194783006705,0.9983771798645493,0.998358392970794,0.9983771795058365,0.9983583917114488,benign,D:/mathe/Documents/BancoDados_IC/Mamografia/MIAS/all-roi/mdb252.png
0.5027952194213867,107.83353024216791,10.384292476725022,20.60877238781217,422.8047049982283,0.025684643817204384,0.03505492919928652,0.025720918866080217,0.03501861869092982,0.9770936667664323,0.9683316254532329,0.9773058955135138,0.9683905529602373,0.9988604950113804,0.9987175569986741,0.9988193778110326,0.9987251698431716,4.944959295576742,6.843152936994576,4.899143908846541,6.830419415037711,0.9952137258768369,0.9951670954992006,0.9952137222321975,0.9951670970577879,0.9976039925124783,0.9975806210523541,0.9976039906857819,0.9975806218335378,malignant,D:/mathe/Documents/BancoDados_IC/Mamografia/MIAS/all-roi/mdb253.png
0.6927576065063477,116.85475887280933,10.809937968037065,15.555696381423852,240.22675478777353,0.03093497983870986,0.041795306197917305,0.031439012096774396,0.04249093909485588,0.98230716299411,0.9750303091490223,0.9819857902202751,0.9750417022668845,0.9975486028120089,0.9973589758927657,0.9975169716003143,0.9972589103515441,4.1390098057184765,5.847021917213958,4.214190799120239,5.844354050389434,0.9916780702229195,0.9916128450156162,0.9916780662124036,0.9916128364621093,0.9958303420879079,0.9957975923929603,0.9958303400742536,0.9957975880981583,malignant,D:/mathe/Documents/BancoDados_IC/Mamografia/MIAS/all-roi/mdb256.png
0.2559547424316406,16.976338213527924,4.120235213374101,16.121056979964592,259.2431608486187,0.014422195747800659,0.018732400153268682,0.014284732404692147,0.01864257942207059,0.9820139569252645,0.9748855763001161,0.9812958477181474,0.974605421083138,0.997857042583431,0.997657877858978,0.9979387524535321,0.9977035735726703,0.6112689393939397,0.8543633286798568,0.6356744104349946,0.8638938815837893,0.9921382433228638,0.9920772564247293,0.9921382509338217,0.9920772609470965,0.9960613652395438,0.9960307507425307,0.9960613690600704,0.9960307530127253,malignant,D:/mathe/Documents/BancoDados_IC/Mamografia/MIAS/all-roi/mdb264.png
2.0663814544677734,396.395791485289,19.909690893765504,9.623967946155366,91.46264481528596,0.057872067448681154,0.07952192438050093,0.059057688782991814,0.0774713361980426,0.9907939659775599,0.9867080317420854,0.9903560460231882,0.9869626977993833,0.9938690409432401,0.9931144696014237,0.9937840868672095,0.9932965493970528,7.305523735337364,10.558149845823497,7.653038703568096,10.355862092689145,0.9783347998067945,0.9782229530512433,0.978334791072239,0.9782229667644331,0.9891080829751593,0.9890515421610965,0.9891080785597897,0.9890515490935915,malignant,D:/mathe/Documents/BancoDados_IC/Mamografia/MIAS/all-roi/mdb265.png
1.5356159210205078,264.198034179508,16.254169747468126,10.536266713459735,109.52010483536625,0.05143992851906193,0.07175338667155969,0.04949062194525947,0.06999137147656748,0.989010216641242,0.9834513532508953,0.9881739368711318,0.9831800257911705,0.9948147119433188,0.9941053535449974,0.9947100939411067,0.994385260747434,5.812584005376402,8.761190564236646,6.2548990408114005,8.904836846375051,0.9820813608958733,0.9819767215981877,0.9821040395325439,0.9819767614946311,0.9910001820867004,0.9909473858879632,0.9910116243175676,0.9909474060184179,malignant,D:/mathe/Documents/BancoDados_IC/Mamografia/MIAS/all-roi/mdb267.png
0.15416622161865234,1.5218327135507934,1.2336258401763451,7.980702813683237,64.1617342994393,0.0116194709188661,0.012756454909515177,0.007972873900293264,0.012773654623999917,0.9862589785375389,0.9827136348655371,0.9886603829359586,0.9828233040178909,0.9955268571552627,0.9954068502073194,0.9971615616900054,0.9953890349787047,0.041863315615835776,0.05271521381633954,0.03454721102150543,0.05238077492358071,0.9690010590492858,0.9688616304691872,0.9690131097622919,0.9688615050166476,0.9843785141139997,0.98430769095298,0.9843846350702006,0.9843076272266956,malignant,D:/mathe/Documents/BancoDados_IC/Mamografia/MIAS/all-roi/mdb270.png
2.173224449157715,365.0067259638584,19.105149200251184,8.870173420964125,78.41271972543113,0.06560628971163297,0.08571573267439472,0.05955026576246385,0.08908496563401615,0.9909112175240787,0.9867952587664947,0.9908485549515842,0.986132489747402,0.9924327339262148,0.9919654799832512,0.9925221329296469,0.9916686511553195,6.641335227272836,9.658249317505732,6.687123885019656,10.14301371486115,0.9737948971407324,0.9736637777715996,0.9738231527786085,0.9736637728904021,0.9868104666757099,0.9867440284955362,0.9868247832207137,0.9867440260221503,malignant,D:/mathe/Documents/BancoDados_IC/Mamografia/MIAS/all-roi/mdb271.png
6.572113037109375,938.6705370908603,30.637730612610007,4.551348715943013,19.231382185734564,0.15173089259530917,0.18225964115662607,0.15524957233626704,0.21436577486147285,0.9953733021646056,0.9930238347555814,0.9952947031172278,0.9939416933722868,0.9719686181402598,0.971569656421539,0.9711686802536492,0.9675953421744864,8.693989415322644,13.12107739011535,8.841684231427234,11.394728669726245,0.9117146365119728,0.9114477758604563,0.9117290019106611,0.9114468219825199,0.954837492200622,0.9546977405757575,0.9548450146021924,0.9546972410049795,malignant,D:/mathe/Documents/BancoDados_IC/Mamografia/MIAS/all-roi/mdb274.png
0.9746646881103516,186.63923353395876,13.661597034532923,14.031961456472946,196.04151164246377,0.04262509164222923,0.05631950954058704,0.0329950207722389,0.05671892513251036,0.9859016285057154,0.9796446279253594,0.9871461735503444,0.9786863873915623,0.9967539535906085,0.9965168134807153,0.9971062303458829,0.9966199818297875,5.2677365896872805,7.613008335172709,4.802722919721434,7.971394963732463,0.9896485185834019,0.9895718782376661,0.9896865153075375,0.9895718804290022,0.9948107953693516,0.9947722745622066,0.9948298926487571,0.9947722756636326,benign,D:/mathe/Documents/BancoDados_IC/Mamografia/MIAS/all-roi/mdb290.png
0.22455978393554688,42.184296948238625,6.494943952663381,29.004919950879504,842.6680306231168,0.016747617302052875,0.022978818551612306,0.016549059139785022,0.022594691594786415,0.9666360183778728,0.953435325110883,0.9666041872202206,0.9537151140795428,0.9992528550608617,0.9991658568546791,0.9992769350052768,0.9992206045192806,2.81762050953079,3.9362712356752563,2.8203086815738025,3.9126197171793544,0.9975233825620939,0.9974904233294117,0.9975233832469173,0.9974904238197242,0.9987609236259166,0.9987444234284424,0.998760923968753,0.9987444236739068,benign,D:/mathe/Documents/BancoDados_IC/Mamografia/MIAS/all-roi/mdb312.png
0.1161041259765625,4.216933268820867,2.053517292067653,22.054200806061317,549.8913988769831,0.009530791788856411,0.010405827263267544,0.008022513440860272,0.013576307966621282,0.9718091967651359,0.9702692196189201,0.9729334094425729,0.9524586136785609,0.9979654413016572,0.9980182226437899,0.9983740909309142,0.9975148176143249,0.23798914039589503,0.2512343183992051,0.22849844208211179,0.40173946445822695,0.9907504984762776,0.9906806140178009,0.9907505625347147,0.9906805883367301,0.9953645053327337,0.9953293997555789,0.9953645375111144,0.995329386854789,benign,D:/mathe/Documents/BancoDados_IC/Mamografia/MIAS/all-roi/mdb314.png
5.031375885009766,980.9993874868231,31.320909748709777,6.203393220051321,37.15302200077716,0.09772498167155551,0.13518020045312112,0.10212762707722516,0.1315051947915468,0.9937696197684666,0.991433577896235,0.9934529081041874,0.9906125788731275,0.9871760552341187,0.9848357138500611,0.9865444305472197,0.9862414182364085,12.235638899071597,16.839334600378894,12.85761852394942,18.45320292127593,0.9485006073623199,0.9483088842029247,0.9485003707081978,0.948309214561673,0.9739099585497213,0.9738115239628892,0.973909837052793,0.9738116935843772,benign,D:/mathe/Documents/BancoDados_IC/Mamografia/MIAS/all-roi/mdb315.png
